system,threshold,query_id,difficulty,support_mode,fact_type,fact_arity,arity_bucket,answerability,retrieved_candidates,top1_grade,top5_grades,shared_ideal_top5_grades,P@1,Hit@5,MRR,gNDCG@5,IDCG@5
chem_prompt_graph,grade>=1,RQ_RFB_002_01,compositional,adjacent_chunks,performance_comparison,5,high_order_arity_5_plus,retrievable,17,2,2 2 3 2 1,3 2 2 2 2,1.0,1.0,1.0,0.78407,12.845377
chem_prompt_graph,grade>=1,RQ_RFB_003_02,compositional,single_chunk,operating_conditions,6,high_order_arity_5_plus,retrievable,20,3,3 3 0 0 0,3 3 3 1 1,1.0,1.0,1.0,0.725593,15.734038
chem_prompt_graph,grade>=1,RQ_RFB_005_02,compositional,adjacent_chunks,cycling_stability,5,high_order_arity_5_plus,retrievable,20,1,1 0 0 0 0,3 2 2 2 2,1.0,1.0,1.0,0.077849,12.845377
chem_prompt_graph,grade>=1,RQ_RFB_006_02,compositional,single_chunk,performance_comparison,5,high_order_arity_5_plus,retrievable,20,1,1 3 1 2 1,3 2 1 1 1,1.0,1.0,1.0,0.743894,10.210319
chem_prompt_graph,grade>=1,RQ_RFB_007_02,simple,single_chunk,operating_conditions,4,high_order_arity_3_4,retrievable,20,3,3 1 1 2 1,3 3 2 1 1,1.0,1.0,1.0,0.71427,13.734038
chem_prompt_graph,grade>=1,RQ_RFB_008_01,high_order,cross_section,mechanism,4,high_order_arity_3_4,retrievable,20,3,3 3 0 3 3,3 3 3 3 2,1.0,1.0,1.0,0.897726,19.091803
chem_prompt_graph,grade>=1,RQ_RFB_010_02,high_order,cross_section,performance_comparison,5,high_order_arity_5_plus,retrievable,20,1,1 1 1 3 0,3 3 3 1 1,1.0,1.0,1.0,0.32704,15.734038
chem_prompt_graph,grade>=1,RQ_RFB_011_01,high_order,cross_section,system_architecture,4,high_order_arity_3_4,retrievable,20,3,3 0 1 0 0,3 3 3 1 1,1.0,1.0,1.0,0.476674,15.734038
chem_prompt_graph,grade>=1,RQ_RFB_012_02,simple,single_chunk,modeling_diagnostics,4,high_order_arity_3_4,retrievable,20,3,3 3 1 0 3,3 3 3 3 3,1.0,1.0,1.0,0.708577,20.639214
chem_prompt_graph,grade>=1,RQ_RFB_013_02,simple,single_chunk,system_architecture,4,high_order_arity_3_4,retrievable,20,0,0 0 0 0 0,3 3 2 1 1,0.0,0.0,0.052632,0.0,13.734038
chem_prompt_graph,grade>=1,RQ_RFB_014_01,high_order,cross_section,material_design,5,high_order_arity_5_plus,retrievable,20,0,0 1 0 0 0,3 3 3 2 2,0.0,1.0,0.5,0.036325,17.369096
chem_prompt_graph,grade>=1,RQ_RFB_015_02,compositional,single_chunk,cycling_stability,6,high_order_arity_5_plus,retrievable,20,1,1 0 3 0 0,3 3 3 3 2,1.0,1.0,1.0,0.235703,19.091803
chem_prompt_graph,grade>=1,RQ_RFB_016_02,simple,single_chunk,performance_comparison,4,high_order_arity_3_4,retrievable,20,1,1 1 2 1 0,3 3 3 2 1,1.0,1.0,1.0,0.214614,16.595391
chem_prompt_graph,grade>=1,RQ_RFB_019_01,compositional,single_chunk,performance_comparison,6,high_order_arity_5_plus,retrievable,20,3,3 2 1 1 1,3 2 2 2 1,1.0,1.0,1.0,0.845808,12.071672
chem_prompt_graph,grade>=1,RQ_RFB_020_02,compositional,single_chunk,operating_conditions,5,high_order_arity_5_plus,retrievable,20,1,1 3 1 1 1,3 3 3 3 2,1.0,1.0,1.0,0.352719,19.091803
chem_prompt_graph,grade>=1,RQ_RFB_021_01,compositional,single_chunk,mechanism,5,high_order_arity_5_plus,retrievable,20,0,0 0 0 2 3,3 3 3 3 2,0.0,1.0,0.25,0.209514,19.091803
chem_prompt_graph,grade>=1,RQ_RFB_022_02,compositional,adjacent_chunks,cycling_stability,4,high_order_arity_3_4,retrievable,20,0,0 0 0 3 0,3 3 2 2 1,0.0,1.0,0.25,0.206554,14.595391
chem_prompt_graph,grade>=1,RQ_RFB_023_01,high_order,cross_section,operating_conditions,6,high_order_arity_5_plus,retrievable,20,2,2 1 3 2 3,3 3 3 2 2,1.0,1.0,1.0,0.640847,17.369096
chem_prompt_graph,grade>=1,RQ_RFB_024_02,compositional,single_chunk,cycling_stability,5,high_order_arity_5_plus,retrievable,20,0,0 0 0 0 2,3 2 2 2 2,0.0,1.0,0.2,0.090348,12.845377
chem_prompt_graph,grade>=1,RQ_RFB_025_01,compositional,single_chunk,operating_conditions,5,high_order_arity_5_plus,retrievable,20,3,3 0 1 3 0,3 3 3 3 2,1.0,1.0,1.0,0.550746,19.091803
chem_prompt_graph,grade>=1,RQ_RFB_026_01,compositional,single_chunk,operating_conditions,5,high_order_arity_5_plus,retrievable,20,1,1 1 3 1 1,3 3 3 2 2,1.0,1.0,1.0,0.342474,17.369096
chem_prompt_graph,grade>=1,RQ_RFB_029_02,compositional,single_chunk,performance_metrics,8,high_order_arity_5_plus,retrievable,20,1,1 1 1 3 2,3 3 3 2 2,1.0,1.0,1.0,0.363072,17.369096
chem_prompt_graph,grade>=1,RQ_RFB_031_02,simple,single_chunk,performance_metrics,4,high_order_arity_3_4,retrievable,20,0,0 0 3 0 0,3 3 2 2 2,0.0,1.0,0.333333,0.22773,15.369096
chem_prompt_graph,grade>=1,RQ_RFB_032_02,simple,single_chunk,cycling_stability,4,high_order_arity_3_4,retrievable,20,3,3 1 1 1 0,3 3 3 1 1,1.0,1.0,1.0,0.544146,15.734038
chem_prompt_graph,grade>=1,RQ_RFB_033_02,high_order,adjacent_chunks,performance_metrics,6,high_order_arity_5_plus,retrievable,20,1,1 3 3 2 2,3 3 3 2 2,1.0,1.0,1.0,0.654559,17.369096
chem_prompt_graph,grade>=1,RQ_RFB_034_01,high_order,cross_section,mechanism,6,high_order_arity_5_plus,retrievable,20,3,3 0 0 0 0,3 3 2 2 2,1.0,1.0,1.0,0.455459,15.369096
chem_prompt_graph,grade>=1,RQ_RFB_035_02,simple,single_chunk,performance_comparison,3,high_order_arity_3_4,retrievable,20,0,0 0 0 0 0,3 3 3 1 1,0.0,0.0,0.1,0.0,15.734038
chem_prompt_graph,grade>=1,RQ_RFB_036_02,high_order,adjacent_chunks,performance_comparison,6,high_order_arity_5_plus,retrievable,20,1,1 3 1 1 2,3 3 3 2 1,1.0,1.0,1.0,0.452399,16.595391
chem_prompt_graph,grade>=1,RQ_RFB_037_02,compositional,single_chunk,cycling_stability,5,high_order_arity_5_plus,retrievable,20,0,0 1 1 0 2,3 3 3 2 1,0.0,1.0,0.5,0.13808,16.595391
chem_prompt_graph,grade>=1,RQ_RFB_038_02,compositional,single_chunk,performance_comparison,6,high_order_arity_5_plus,retrievable,20,0,0 0 3 0 0,3 3 1 1 1,0.0,1.0,0.333333,0.274854,12.734038
chem_prompt_graph,grade>=1,RQ_RFB_040_02,compositional,single_chunk,operating_conditions,5,high_order_arity_5_plus,retrievable,20,3,3 0 0 0 1,3 3 3 1 1,1.0,1.0,1.0,0.469482,15.734038
chem_prompt_graph,grade>=1,RQ_RFB_041_01,high_order,cross_section,operating_conditions,5,high_order_arity_5_plus,retrievable,20,0,0 0 0 0 0,3 3 3 2 1,0.0,0.0,0.166667,0.0,16.595391
chem_prompt_graph,grade>=1,RQ_RFB_043_02,high_order,adjacent_chunks,performance_metrics,8,high_order_arity_5_plus,retrievable,20,2,2 2 2 1 2,3 2 2 2 2,1.0,1.0,1.0,0.621548,12.845377
chem_prompt_graph,grade>=1,RQ_RFB_045_02,simple,single_chunk,performance_metrics,4,high_order_arity_3_4,retrievable,20,0,0 3 0 1 0,3 3 1 1 1,0.0,1.0,0.5,0.380648,12.734038
chem_prompt_graph,grade>=1,RQ_RFB_046_02,compositional,single_chunk,cycling_stability,5,high_order_arity_5_plus,retrievable,20,1,1 1 0 1 0,3 3 2 2 1,1.0,1.0,1.0,0.141251,14.595391
chem_prompt_graph,grade>=1,RQ_RFB_047_02,compositional,single_chunk,performance_comparison,7,high_order_arity_5_plus,retrievable,20,2,2 0 0 0 0,3 2 2 1 1,1.0,1.0,1.0,0.267611,11.210319
chem_prompt_graph,grade>=1,RQ_RFB_048_02,compositional,single_chunk,performance_metrics,5,high_order_arity_5_plus,retrievable,20,0,0 0 0 0 0,3 2 1 1 1,0.0,0.0,0.142857,0.0,10.210319
chem_prompt_graph,grade>=1,RQ_RFB_050_02,compositional,cross_section,performance_metrics,5,high_order_arity_5_plus,retrievable,20,0,0 0 1 3 0,3 3 3 1 1,0.0,1.0,0.333333,0.223384,15.734038
chem_prompt_graph,grade>=1,RQ_RFB_051_01,high_order,cross_section,modeling_diagnostics,6,high_order_arity_5_plus,retrievable,20,0,0 0 0 0 0,3 3 3 3 2,0.0,0.0,0.142857,0.0,19.091803
chem_prompt_graph,grade>=1,RQ_RFB_052_02,compositional,single_chunk,performance_metrics,5,high_order_arity_5_plus,retrievable,20,3,3 0 1 1 1,3 3 3 3 1,1.0,1.0,1.0,0.454061,18.318097
chem_prompt_graph,grade>=1,RQ_RFB_055_02,high_order,cross_section,modeling_diagnostics,5,high_order_arity_5_plus,retrievable,20,0,0 0 0 0 0,3 3 3 2 1,0.0,0.0,0.166667,0.0,16.595391
chem_prompt_graph,grade>=1,RQ_RFB_056_02,high_order,adjacent_chunks,performance_metrics,6,high_order_arity_5_plus,retrievable,20,1,1 0 0 0 3,3 2 2 1 1,1.0,1.0,1.0,0.330764,11.210319
chem_prompt_graph,grade>=1,RQ_RFB_058_02,high_order,adjacent_chunks,operating_conditions,6,high_order_arity_5_plus,retrievable,20,2,2 1 3 0 0,3 3 3 2 2,1.0,1.0,1.0,0.410553,17.369096
chem_prompt_graph,grade>=1,RQ_RFB_059_02,compositional,single_chunk,performance_metrics,5,high_order_arity_5_plus,retrievable,20,1,1 1 3 2 0,3 3 3 3 2,1.0,1.0,1.0,0.336425,19.091803
chem_prompt_graph,grade>=1,RQ_RFB_060_02,compositional,single_chunk,performance_metrics,5,high_order_arity_5_plus,retrievable,20,0,0 3 1 3 0,3 3 1 1 0,0.0,1.0,0.5,0.642352,12.347185
chem_prompt_graph,grade>=1,UQ_001,compositional,none,life_cycle_assessment,,unknown,unanswerable,20,0,0 0 0 0 0,0 0 0 0 0,0.0,0.0,0.0,0.0,0.0
chem_prompt_graph,grade>=1,UQ_002,compositional,none,electrolyte_recycling,,unknown,unanswerable,20,0,0 0 0 0 0,0 0 0 0 0,0.0,0.0,0.0,0.0,0.0
chem_prompt_graph,grade>=1,UQ_003,compositional,none,environmental_robustness,,unknown,unanswerable,20,0,0 0 0 0 0,1 0 0 0 0,0.0,0.0,0.0,0.0,1.0
chem_prompt_graph,grade>=1,UQ_004,compositional,none,balance_of_plant_durability,,unknown,unanswerable,20,0,0 0 0 0 0,0 0 0 0 0,0.0,0.0,0.0,0.0,0.0
chem_prompt_graph,grade>=1,UQ_009,compositional,none,hydraulic_fault_effect,,unknown,unanswerable,20,0,0 0 0 0 0,0 0 0 0 0,0.0,0.0,0.0,0.0,0.0
chem_prompt_graph,grade>=1,UQ_010,compositional,none,operando_control,,unknown,unanswerable,20,0,0 0 0 0 0,1 0 0 0 0,0.0,0.0,0.0,0.0,1.0
chem_prompt_graph,grade>=1,UQ_011,compositional,none,model_uncertainty,,unknown,unanswerable,20,1,1 0 0 1 1,1 1 1 1 1,1.0,1.0,1.0,0.616434,2.948459
chem_prompt_graph,grade>=1,UQ_012,compositional,none,manufacturing_sustainability,,unknown,unanswerable,20,0,0 1 0 0 0,1 0 0 0 0,0.0,1.0,0.5,0.63093,1.0
chem_prompt_graph,grade>=1,UQ_013,compositional,none,catalyst_recycling,,unknown,unanswerable,20,0,0 0 0 0 0,1 1 1 1 0,0.0,0.0,0.058824,0.0,2.561606
chem_prompt_graph,grade>=1,UQ_015,compositional,none,membrane_mechanical_fatigue,,unknown,unanswerable,20,0,0 0 0 0 0,0 0 0 0 0,0.0,0.0,0.0,0.0,0.0
chem_prompt_graph,grade>=1,UQ_016,compositional,none,operando_diagnostics,,unknown,unanswerable,20,0,0 1 0 1 1,2 1 1 1 1,0.0,1.0,0.5,0.292709,4.948459
chem_prompt_graph,grade>=1,UQ_018,compositional,none,contamination_failure,,unknown,unanswerable,20,0,0 0 0 0 0,1 0 0 0 0,0.0,0.0,0.0,0.0,1.0
chem_prompt_graph,grade>=1,UQ_019,compositional,none,environmental_safety,,unknown,unanswerable,20,0,0 0 0 0 0,1 0 0 0 0,0.0,0.0,0.076923,0.0,1.0
chem_prompt_graph,grade>=2,RQ_RFB_002_01,compositional,adjacent_chunks,performance_comparison,5,high_order_arity_5_plus,retrievable,17,2,2 2 3 2 1,3 2 2 2 2,1.0,1.0,1.0,0.78407,12.845377
chem_prompt_graph,grade>=2,RQ_RFB_003_02,compositional,single_chunk,operating_conditions,6,high_order_arity_5_plus,retrievable,20,3,3 3 0 0 0,3 3 3 1 1,1.0,1.0,1.0,0.725593,15.734038
chem_prompt_graph,grade>=2,RQ_RFB_005_02,compositional,adjacent_chunks,cycling_stability,5,high_order_arity_5_plus,retrievable,20,1,1 0 0 0 0,3 2 2 2 2,0.0,0.0,0.125,0.077849,12.845377
chem_prompt_graph,grade>=2,RQ_RFB_006_02,compositional,single_chunk,performance_comparison,5,high_order_arity_5_plus,retrievable,20,1,1 3 1 2 1,3 2 1 1 1,0.0,1.0,0.5,0.743894,10.210319
chem_prompt_graph,grade>=2,RQ_RFB_007_02,simple,single_chunk,operating_conditions,4,high_order_arity_3_4,retrievable,20,3,3 1 1 2 1,3 3 2 1 1,1.0,1.0,1.0,0.71427,13.734038
chem_prompt_graph,grade>=2,RQ_RFB_008_01,high_order,cross_section,mechanism,4,high_order_arity_3_4,retrievable,20,3,3 3 0 3 3,3 3 3 3 2,1.0,1.0,1.0,0.897726,19.091803
chem_prompt_graph,grade>=2,RQ_RFB_010_02,high_order,cross_section,performance_comparison,5,high_order_arity_5_plus,retrievable,20,1,1 1 1 3 0,3 3 3 1 1,0.0,1.0,0.25,0.32704,15.734038
chem_prompt_graph,grade>=2,RQ_RFB_011_01,high_order,cross_section,system_architecture,4,high_order_arity_3_4,retrievable,20,3,3 0 1 0 0,3 3 3 1 1,1.0,1.0,1.0,0.476674,15.734038
chem_prompt_graph,grade>=2,RQ_RFB_012_02,simple,single_chunk,modeling_diagnostics,4,high_order_arity_3_4,retrievable,20,3,3 3 1 0 3,3 3 3 3 3,1.0,1.0,1.0,0.708577,20.639214
chem_prompt_graph,grade>=2,RQ_RFB_013_02,simple,single_chunk,system_architecture,4,high_order_arity_3_4,retrievable,20,0,0 0 0 0 0,3 3 2 1 1,0.0,0.0,0.052632,0.0,13.734038
chem_prompt_graph,grade>=2,RQ_RFB_014_01,high_order,cross_section,material_design,5,high_order_arity_5_plus,retrievable,20,0,0 1 0 0 0,3 3 3 2 2,0.0,0.0,0.071429,0.036325,17.369096
chem_prompt_graph,grade>=2,RQ_RFB_015_02,compositional,single_chunk,cycling_stability,6,high_order_arity_5_plus,retrievable,20,1,1 0 3 0 0,3 3 3 3 2,0.0,1.0,0.333333,0.235703,19.091803
chem_prompt_graph,grade>=2,RQ_RFB_016_02,simple,single_chunk,performance_comparison,4,high_order_arity_3_4,retrievable,20,1,1 1 2 1 0,3 3 3 2 1,0.0,1.0,0.333333,0.214614,16.595391
chem_prompt_graph,grade>=2,RQ_RFB_019_01,compositional,single_chunk,performance_comparison,6,high_order_arity_5_plus,retrievable,20,3,3 2 1 1 1,3 2 2 2 1,1.0,1.0,1.0,0.845808,12.071672
chem_prompt_graph,grade>=2,RQ_RFB_020_02,compositional,single_chunk,operating_conditions,5,high_order_arity_5_plus,retrievable,20,1,1 3 1 1 1,3 3 3 3 2,0.0,1.0,0.5,0.352719,19.091803
chem_prompt_graph,grade>=2,RQ_RFB_021_01,compositional,single_chunk,mechanism,5,high_order_arity_5_plus,retrievable,20,0,0 0 0 2 3,3 3 3 3 2,0.0,1.0,0.25,0.209514,19.091803
chem_prompt_graph,grade>=2,RQ_RFB_022_02,compositional,adjacent_chunks,cycling_stability,4,high_order_arity_3_4,retrievable,20,0,0 0 0 3 0,3 3 2 2 1,0.0,1.0,0.25,0.206554,14.595391
chem_prompt_graph,grade>=2,RQ_RFB_023_01,high_order,cross_section,operating_conditions,6,high_order_arity_5_plus,retrievable,20,2,2 1 3 2 3,3 3 3 2 2,1.0,1.0,1.0,0.640847,17.369096
chem_prompt_graph,grade>=2,RQ_RFB_024_02,compositional,single_chunk,cycling_stability,5,high_order_arity_5_plus,retrievable,20,0,0 0 0 0 2,3 2 2 2 2,0.0,1.0,0.2,0.090348,12.845377
chem_prompt_graph,grade>=2,RQ_RFB_025_01,compositional,single_chunk,operating_conditions,5,high_order_arity_5_plus,retrievable,20,3,3 0 1 3 0,3 3 3 3 2,1.0,1.0,1.0,0.550746,19.091803
chem_prompt_graph,grade>=2,RQ_RFB_026_01,compositional,single_chunk,operating_conditions,5,high_order_arity_5_plus,retrievable,20,1,1 1 3 1 1,3 3 3 2 2,0.0,1.0,0.333333,0.342474,17.369096
chem_prompt_graph,grade>=2,RQ_RFB_029_02,compositional,single_chunk,performance_metrics,8,high_order_arity_5_plus,retrievable,20,1,1 1 1 3 2,3 3 3 2 2,0.0,1.0,0.25,0.363072,17.369096
chem_prompt_graph,grade>=2,RQ_RFB_031_02,simple,single_chunk,performance_metrics,4,high_order_arity_3_4,retrievable,20,0,0 0 3 0 0,3 3 2 2 2,0.0,1.0,0.333333,0.22773,15.369096
chem_prompt_graph,grade>=2,RQ_RFB_032_02,simple,single_chunk,cycling_stability,4,high_order_arity_3_4,retrievable,20,3,3 1 1 1 0,3 3 3 1 1,1.0,1.0,1.0,0.544146,15.734038
chem_prompt_graph,grade>=2,RQ_RFB_033_02,high_order,adjacent_chunks,performance_metrics,6,high_order_arity_5_plus,retrievable,20,1,1 3 3 2 2,3 3 3 2 2,0.0,1.0,0.5,0.654559,17.369096
chem_prompt_graph,grade>=2,RQ_RFB_034_01,high_order,cross_section,mechanism,6,high_order_arity_5_plus,retrievable,20,3,3 0 0 0 0,3 3 2 2 2,1.0,1.0,1.0,0.455459,15.369096
chem_prompt_graph,grade>=2,RQ_RFB_035_02,simple,single_chunk,performance_comparison,3,high_order_arity_3_4,retrievable,20,0,0 0 0 0 0,3 3 3 1 1,0.0,0.0,0.1,0.0,15.734038
chem_prompt_graph,grade>=2,RQ_RFB_036_02,high_order,adjacent_chunks,performance_comparison,6,high_order_arity_5_plus,retrievable,20,1,1 3 1 1 2,3 3 3 2 1,0.0,1.0,0.5,0.452399,16.595391
chem_prompt_graph,grade>=2,RQ_RFB_037_02,compositional,single_chunk,cycling_stability,5,high_order_arity_5_plus,retrievable,20,0,0 1 1 0 2,3 3 3 2 1,0.0,1.0,0.2,0.13808,16.595391
chem_prompt_graph,grade>=2,RQ_RFB_038_02,compositional,single_chunk,performance_comparison,6,high_order_arity_5_plus,retrievable,20,0,0 0 3 0 0,3 3 1 1 1,0.0,1.0,0.333333,0.274854,12.734038
chem_prompt_graph,grade>=2,RQ_RFB_040_02,compositional,single_chunk,operating_conditions,5,high_order_arity_5_plus,retrievable,20,3,3 0 0 0 1,3 3 3 1 1,1.0,1.0,1.0,0.469482,15.734038
chem_prompt_graph,grade>=2,RQ_RFB_041_01,high_order,cross_section,operating_conditions,5,high_order_arity_5_plus,retrievable,20,0,0 0 0 0 0,3 3 3 2 1,0.0,0.0,0.166667,0.0,16.595391
chem_prompt_graph,grade>=2,RQ_RFB_043_02,high_order,adjacent_chunks,performance_metrics,8,high_order_arity_5_plus,retrievable,20,2,2 2 2 1 2,3 2 2 2 2,1.0,1.0,1.0,0.621548,12.845377
chem_prompt_graph,grade>=2,RQ_RFB_045_02,simple,single_chunk,performance_metrics,4,high_order_arity_3_4,retrievable,20,0,0 3 0 1 0,3 3 1 1 1,0.0,1.0,0.5,0.380648,12.734038
chem_prompt_graph,grade>=2,RQ_RFB_046_02,compositional,single_chunk,cycling_stability,5,high_order_arity_5_plus,retrievable,20,1,1 1 0 1 0,3 3 2 2 1,0.0,0.0,0.058824,0.141251,14.595391
chem_prompt_graph,grade>=2,RQ_RFB_047_02,compositional,single_chunk,performance_comparison,7,high_order_arity_5_plus,retrievable,20,2,2 0 0 0 0,3 2 2 1 1,1.0,1.0,1.0,0.267611,11.210319
chem_prompt_graph,grade>=2,RQ_RFB_048_02,compositional,single_chunk,performance_metrics,5,high_order_arity_5_plus,retrievable,20,0,0 0 0 0 0,3 2 1 1 1,0.0,0.0,0.071429,0.0,10.210319
chem_prompt_graph,grade>=2,RQ_RFB_050_02,compositional,cross_section,performance_metrics,5,high_order_arity_5_plus,retrievable,20,0,0 0 1 3 0,3 3 3 1 1,0.0,1.0,0.25,0.223384,15.734038
chem_prompt_graph,grade>=2,RQ_RFB_051_01,high_order,cross_section,modeling_diagnostics,6,high_order_arity_5_plus,retrievable,20,0,0 0 0 0 0,3 3 3 3 2,0.0,0.0,0.142857,0.0,19.091803
chem_prompt_graph,grade>=2,RQ_RFB_052_02,compositional,single_chunk,performance_metrics,5,high_order_arity_5_plus,retrievable,20,3,3 0 1 1 1,3 3 3 3 1,1.0,1.0,1.0,0.454061,18.318097
chem_prompt_graph,grade>=2,RQ_RFB_055_02,high_order,cross_section,modeling_diagnostics,5,high_order_arity_5_plus,retrievable,20,0,0 0 0 0 0,3 3 3 2 1,0.0,0.0,0.090909,0.0,16.595391
chem_prompt_graph,grade>=2,RQ_RFB_056_02,high_order,adjacent_chunks,performance_metrics,6,high_order_arity_5_plus,retrievable,20,1,1 0 0 0 3,3 2 2 1 1,0.0,1.0,0.2,0.330764,11.210319
chem_prompt_graph,grade>=2,RQ_RFB_058_02,high_order,adjacent_chunks,operating_conditions,6,high_order_arity_5_plus,retrievable,20,2,2 1 3 0 0,3 3 3 2 2,1.0,1.0,1.0,0.410553,17.369096
chem_prompt_graph,grade>=2,RQ_RFB_059_02,compositional,single_chunk,performance_metrics,5,high_order_arity_5_plus,retrievable,20,1,1 1 3 2 0,3 3 3 3 2,0.0,1.0,0.333333,0.336425,19.091803
chem_prompt_graph,grade>=2,RQ_RFB_060_02,compositional,single_chunk,performance_metrics,5,high_order_arity_5_plus,retrievable,20,0,0 3 1 3 0,3 3 1 1 0,0.0,1.0,0.5,0.642352,12.347185
chem_prompt_graph,grade>=2,UQ_001,compositional,none,life_cycle_assessment,,unknown,unanswerable,20,0,0 0 0 0 0,0 0 0 0 0,0.0,0.0,0.0,0.0,0.0
chem_prompt_graph,grade>=2,UQ_002,compositional,none,electrolyte_recycling,,unknown,unanswerable,20,0,0 0 0 0 0,0 0 0 0 0,0.0,0.0,0.0,0.0,0.0
chem_prompt_graph,grade>=2,UQ_003,compositional,none,environmental_robustness,,unknown,unanswerable,20,0,0 0 0 0 0,1 0 0 0 0,0.0,0.0,0.0,0.0,1.0
chem_prompt_graph,grade>=2,UQ_004,compositional,none,balance_of_plant_durability,,unknown,unanswerable,20,0,0 0 0 0 0,0 0 0 0 0,0.0,0.0,0.0,0.0,0.0
chem_prompt_graph,grade>=2,UQ_009,compositional,none,hydraulic_fault_effect,,unknown,unanswerable,20,0,0 0 0 0 0,0 0 0 0 0,0.0,0.0,0.0,0.0,0.0
chem_prompt_graph,grade>=2,UQ_010,compositional,none,operando_control,,unknown,unanswerable,20,0,0 0 0 0 0,1 0 0 0 0,0.0,0.0,0.0,0.0,1.0
chem_prompt_graph,grade>=2,UQ_011,compositional,none,model_uncertainty,,unknown,unanswerable,20,1,1 0 0 1 1,1 1 1 1 1,0.0,0.0,0.0,0.616434,2.948459
chem_prompt_graph,grade>=2,UQ_012,compositional,none,manufacturing_sustainability,,unknown,unanswerable,20,0,0 1 0 0 0,1 0 0 0 0,0.0,0.0,0.0,0.63093,1.0
chem_prompt_graph,grade>=2,UQ_013,compositional,none,catalyst_recycling,,unknown,unanswerable,20,0,0 0 0 0 0,1 1 1 1 0,0.0,0.0,0.0,0.0,2.561606
chem_prompt_graph,grade>=2,UQ_015,compositional,none,membrane_mechanical_fatigue,,unknown,unanswerable,20,0,0 0 0 0 0,0 0 0 0 0,0.0,0.0,0.0,0.0,0.0
chem_prompt_graph,grade>=2,UQ_016,compositional,none,operando_diagnostics,,unknown,unanswerable,20,0,0 1 0 1 1,2 1 1 1 1,0.0,0.0,0.0,0.292709,4.948459
chem_prompt_graph,grade>=2,UQ_018,compositional,none,contamination_failure,,unknown,unanswerable,20,0,0 0 0 0 0,1 0 0 0 0,0.0,0.0,0.0,0.0,1.0
chem_prompt_graph,grade>=2,UQ_019,compositional,none,environmental_safety,,unknown,unanswerable,20,0,0 0 0 0 0,1 0 0 0 0,0.0,0.0,0.0,0.0,1.0
chem_prompt_graph,grade>=3,RQ_RFB_002_01,compositional,adjacent_chunks,performance_comparison,5,high_order_arity_5_plus,retrievable,17,2,2 2 3 2 1,3 2 2 2 2,0.0,1.0,0.333333,0.78407,12.845377
chem_prompt_graph,grade>=3,RQ_RFB_003_02,compositional,single_chunk,operating_conditions,6,high_order_arity_5_plus,retrievable,20,3,3 3 0 0 0,3 3 3 1 1,1.0,1.0,1.0,0.725593,15.734038
chem_prompt_graph,grade>=3,RQ_RFB_005_02,compositional,adjacent_chunks,cycling_stability,5,high_order_arity_5_plus,retrievable,20,1,1 0 0 0 0,3 2 2 2 2,0.0,0.0,0.0,0.077849,12.845377
chem_prompt_graph,grade>=3,RQ_RFB_006_02,compositional,single_chunk,performance_comparison,5,high_order_arity_5_plus,retrievable,20,1,1 3 1 2 1,3 2 1 1 1,0.0,1.0,0.5,0.743894,10.210319
chem_prompt_graph,grade>=3,RQ_RFB_007_02,simple,single_chunk,operating_conditions,4,high_order_arity_3_4,retrievable,20,3,3 1 1 2 1,3 3 2 1 1,1.0,1.0,1.0,0.71427,13.734038
chem_prompt_graph,grade>=3,RQ_RFB_008_01,high_order,cross_section,mechanism,4,high_order_arity_3_4,retrievable,20,3,3 3 0 3 3,3 3 3 3 2,1.0,1.0,1.0,0.897726,19.091803
chem_prompt_graph,grade>=3,RQ_RFB_010_02,high_order,cross_section,performance_comparison,5,high_order_arity_5_plus,retrievable,20,1,1 1 1 3 0,3 3 3 1 1,0.0,1.0,0.25,0.32704,15.734038
chem_prompt_graph,grade>=3,RQ_RFB_011_01,high_order,cross_section,system_architecture,4,high_order_arity_3_4,retrievable,20,3,3 0 1 0 0,3 3 3 1 1,1.0,1.0,1.0,0.476674,15.734038
chem_prompt_graph,grade>=3,RQ_RFB_012_02,simple,single_chunk,modeling_diagnostics,4,high_order_arity_3_4,retrievable,20,3,3 3 1 0 3,3 3 3 3 3,1.0,1.0,1.0,0.708577,20.639214
chem_prompt_graph,grade>=3,RQ_RFB_013_02,simple,single_chunk,system_architecture,4,high_order_arity_3_4,retrievable,20,0,0 0 0 0 0,3 3 2 1 1,0.0,0.0,0.052632,0.0,13.734038
chem_prompt_graph,grade>=3,RQ_RFB_014_01,high_order,cross_section,material_design,5,high_order_arity_5_plus,retrievable,20,0,0 1 0 0 0,3 3 3 2 2,0.0,0.0,0.071429,0.036325,17.369096
chem_prompt_graph,grade>=3,RQ_RFB_015_02,compositional,single_chunk,cycling_stability,6,high_order_arity_5_plus,retrievable,20,1,1 0 3 0 0,3 3 3 3 2,0.0,1.0,0.333333,0.235703,19.091803
chem_prompt_graph,grade>=3,RQ_RFB_016_02,simple,single_chunk,performance_comparison,4,high_order_arity_3_4,retrievable,20,1,1 1 2 1 0,3 3 3 2 1,0.0,0.0,0.111111,0.214614,16.595391
chem_prompt_graph,grade>=3,RQ_RFB_019_01,compositional,single_chunk,performance_comparison,6,high_order_arity_5_plus,retrievable,20,3,3 2 1 1 1,3 2 2 2 1,1.0,1.0,1.0,0.845808,12.071672
chem_prompt_graph,grade>=3,RQ_RFB_020_02,compositional,single_chunk,operating_conditions,5,high_order_arity_5_plus,retrievable,20,1,1 3 1 1 1,3 3 3 3 2,0.0,1.0,0.5,0.352719,19.091803
chem_prompt_graph,grade>=3,RQ_RFB_021_01,compositional,single_chunk,mechanism,5,high_order_arity_5_plus,retrievable,20,0,0 0 0 2 3,3 3 3 3 2,0.0,1.0,0.2,0.209514,19.091803
chem_prompt_graph,grade>=3,RQ_RFB_022_02,compositional,adjacent_chunks,cycling_stability,4,high_order_arity_3_4,retrievable,20,0,0 0 0 3 0,3 3 2 2 1,0.0,1.0,0.25,0.206554,14.595391
chem_prompt_graph,grade>=3,RQ_RFB_023_01,high_order,cross_section,operating_conditions,6,high_order_arity_5_plus,retrievable,20,2,2 1 3 2 3,3 3 3 2 2,0.0,1.0,0.333333,0.640847,17.369096
chem_prompt_graph,grade>=3,RQ_RFB_024_02,compositional,single_chunk,cycling_stability,5,high_order_arity_5_plus,retrievable,20,0,0 0 0 0 2,3 2 2 2 2,0.0,0.0,0.076923,0.090348,12.845377
chem_prompt_graph,grade>=3,RQ_RFB_025_01,compositional,single_chunk,operating_conditions,5,high_order_arity_5_plus,retrievable,20,3,3 0 1 3 0,3 3 3 3 2,1.0,1.0,1.0,0.550746,19.091803
chem_prompt_graph,grade>=3,RQ_RFB_026_01,compositional,single_chunk,operating_conditions,5,high_order_arity_5_plus,retrievable,20,1,1 1 3 1 1,3 3 3 2 2,0.0,1.0,0.333333,0.342474,17.369096
chem_prompt_graph,grade>=3,RQ_RFB_029_02,compositional,single_chunk,performance_metrics,8,high_order_arity_5_plus,retrievable,20,1,1 1 1 3 2,3 3 3 2 2,0.0,1.0,0.25,0.363072,17.369096
chem_prompt_graph,grade>=3,RQ_RFB_031_02,simple,single_chunk,performance_metrics,4,high_order_arity_3_4,retrievable,20,0,0 0 3 0 0,3 3 2 2 2,0.0,1.0,0.333333,0.22773,15.369096
chem_prompt_graph,grade>=3,RQ_RFB_032_02,simple,single_chunk,cycling_stability,4,high_order_arity_3_4,retrievable,20,3,3 1 1 1 0,3 3 3 1 1,1.0,1.0,1.0,0.544146,15.734038
chem_prompt_graph,grade>=3,RQ_RFB_033_02,high_order,adjacent_chunks,performance_metrics,6,high_order_arity_5_plus,retrievable,20,1,1 3 3 2 2,3 3 3 2 2,0.0,1.0,0.5,0.654559,17.369096
chem_prompt_graph,grade>=3,RQ_RFB_034_01,high_order,cross_section,mechanism,6,high_order_arity_5_plus,retrievable,20,3,3 0 0 0 0,3 3 2 2 2,1.0,1.0,1.0,0.455459,15.369096
chem_prompt_graph,grade>=3,RQ_RFB_035_02,simple,single_chunk,performance_comparison,3,high_order_arity_3_4,retrievable,20,0,0 0 0 0 0,3 3 3 1 1,0.0,0.0,0.1,0.0,15.734038
chem_prompt_graph,grade>=3,RQ_RFB_036_02,high_order,adjacent_chunks,performance_comparison,6,high_order_arity_5_plus,retrievable,20,1,1 3 1 1 2,3 3 3 2 1,0.0,1.0,0.5,0.452399,16.595391
chem_prompt_graph,grade>=3,RQ_RFB_037_02,compositional,single_chunk,cycling_stability,5,high_order_arity_5_plus,retrievable,20,0,0 1 1 0 2,3 3 3 2 1,0.0,0.0,0.166667,0.13808,16.595391
chem_prompt_graph,grade>=3,RQ_RFB_038_02,compositional,single_chunk,performance_comparison,6,high_order_arity_5_plus,retrievable,20,0,0 0 3 0 0,3 3 1 1 1,0.0,1.0,0.333333,0.274854,12.734038
chem_prompt_graph,grade>=3,RQ_RFB_040_02,compositional,single_chunk,operating_conditions,5,high_order_arity_5_plus,retrievable,20,3,3 0 0 0 1,3 3 3 1 1,1.0,1.0,1.0,0.469482,15.734038
chem_prompt_graph,grade>=3,RQ_RFB_041_01,high_order,cross_section,operating_conditions,5,high_order_arity_5_plus,retrievable,20,0,0 0 0 0 0,3 3 3 2 1,0.0,0.0,0.166667,0.0,16.595391
chem_prompt_graph,grade>=3,RQ_RFB_043_02,high_order,adjacent_chunks,performance_metrics,8,high_order_arity_5_plus,retrievable,20,2,2 2 2 1 2,3 2 2 2 2,0.0,0.0,0.0625,0.621548,12.845377
chem_prompt_graph,grade>=3,RQ_RFB_045_02,simple,single_chunk,performance_metrics,4,high_order_arity_3_4,retrievable,20,0,0 3 0 1 0,3 3 1 1 1,0.0,1.0,0.5,0.380648,12.734038
chem_prompt_graph,grade>=3,RQ_RFB_046_02,compositional,single_chunk,cycling_stability,5,high_order_arity_5_plus,retrievable,20,1,1 1 0 1 0,3 3 2 2 1,0.0,0.0,0.0,0.141251,14.595391
chem_prompt_graph,grade>=3,RQ_RFB_047_02,compositional,single_chunk,performance_comparison,7,high_order_arity_5_plus,retrievable,20,2,2 0 0 0 0,3 2 2 1 1,0.0,0.0,0.142857,0.267611,11.210319
chem_prompt_graph,grade>=3,RQ_RFB_048_02,compositional,single_chunk,performance_metrics,5,high_order_arity_5_plus,retrievable,20,0,0 0 0 0 0,3 2 1 1 1,0.0,0.0,0.071429,0.0,10.210319
chem_prompt_graph,grade>=3,RQ_RFB_050_02,compositional,cross_section,performance_metrics,5,high_order_arity_5_plus,retrievable,20,0,0 0 1 3 0,3 3 3 1 1,0.0,1.0,0.25,0.223384,15.734038
chem_prompt_graph,grade>=3,RQ_RFB_051_01,high_order,cross_section,modeling_diagnostics,6,high_order_arity_5_plus,retrievable,20,0,0 0 0 0 0,3 3 3 3 2,0.0,0.0,0.142857,0.0,19.091803
chem_prompt_graph,grade>=3,RQ_RFB_052_02,compositional,single_chunk,performance_metrics,5,high_order_arity_5_plus,retrievable,20,3,3 0 1 1 1,3 3 3 3 1,1.0,1.0,1.0,0.454061,18.318097
chem_prompt_graph,grade>=3,RQ_RFB_055_02,high_order,cross_section,modeling_diagnostics,5,high_order_arity_5_plus,retrievable,20,0,0 0 0 0 0,3 3 3 2 1,0.0,0.0,0.090909,0.0,16.595391
chem_prompt_graph,grade>=3,RQ_RFB_056_02,high_order,adjacent_chunks,performance_metrics,6,high_order_arity_5_plus,retrievable,20,1,1 0 0 0 3,3 2 2 1 1,0.0,1.0,0.2,0.330764,11.210319
chem_prompt_graph,grade>=3,RQ_RFB_058_02,high_order,adjacent_chunks,operating_conditions,6,high_order_arity_5_plus,retrievable,20,2,2 1 3 0 0,3 3 3 2 2,0.0,1.0,0.333333,0.410553,17.369096
chem_prompt_graph,grade>=3,RQ_RFB_059_02,compositional,single_chunk,performance_metrics,5,high_order_arity_5_plus,retrievable,20,1,1 1 3 2 0,3 3 3 3 2,0.0,1.0,0.333333,0.336425,19.091803
chem_prompt_graph,grade>=3,RQ_RFB_060_02,compositional,single_chunk,performance_metrics,5,high_order_arity_5_plus,retrievable,20,0,0 3 1 3 0,3 3 1 1 0,0.0,1.0,0.5,0.642352,12.347185
chem_prompt_graph,grade>=3,UQ_001,compositional,none,life_cycle_assessment,,unknown,unanswerable,20,0,0 0 0 0 0,0 0 0 0 0,0.0,0.0,0.0,0.0,0.0
chem_prompt_graph,grade>=3,UQ_002,compositional,none,electrolyte_recycling,,unknown,unanswerable,20,0,0 0 0 0 0,0 0 0 0 0,0.0,0.0,0.0,0.0,0.0
chem_prompt_graph,grade>=3,UQ_003,compositional,none,environmental_robustness,,unknown,unanswerable,20,0,0 0 0 0 0,1 0 0 0 0,0.0,0.0,0.0,0.0,1.0
chem_prompt_graph,grade>=3,UQ_004,compositional,none,balance_of_plant_durability,,unknown,unanswerable,20,0,0 0 0 0 0,0 0 0 0 0,0.0,0.0,0.0,0.0,0.0
chem_prompt_graph,grade>=3,UQ_009,compositional,none,hydraulic_fault_effect,,unknown,unanswerable,20,0,0 0 0 0 0,0 0 0 0 0,0.0,0.0,0.0,0.0,0.0
chem_prompt_graph,grade>=3,UQ_010,compositional,none,operando_control,,unknown,unanswerable,20,0,0 0 0 0 0,1 0 0 0 0,0.0,0.0,0.0,0.0,1.0
chem_prompt_graph,grade>=3,UQ_011,compositional,none,model_uncertainty,,unknown,unanswerable,20,1,1 0 0 1 1,1 1 1 1 1,0.0,0.0,0.0,0.616434,2.948459
chem_prompt_graph,grade>=3,UQ_012,compositional,none,manufacturing_sustainability,,unknown,unanswerable,20,0,0 1 0 0 0,1 0 0 0 0,0.0,0.0,0.0,0.63093,1.0
chem_prompt_graph,grade>=3,UQ_013,compositional,none,catalyst_recycling,,unknown,unanswerable,20,0,0 0 0 0 0,1 1 1 1 0,0.0,0.0,0.0,0.0,2.561606
chem_prompt_graph,grade>=3,UQ_015,compositional,none,membrane_mechanical_fatigue,,unknown,unanswerable,20,0,0 0 0 0 0,0 0 0 0 0,0.0,0.0,0.0,0.0,0.0
chem_prompt_graph,grade>=3,UQ_016,compositional,none,operando_diagnostics,,unknown,unanswerable,20,0,0 1 0 1 1,2 1 1 1 1,0.0,0.0,0.0,0.292709,4.948459
chem_prompt_graph,grade>=3,UQ_018,compositional,none,contamination_failure,,unknown,unanswerable,20,0,0 0 0 0 0,1 0 0 0 0,0.0,0.0,0.0,0.0,1.0
chem_prompt_graph,grade>=3,UQ_019,compositional,none,environmental_safety,,unknown,unanswerable,20,0,0 0 0 0 0,1 0 0 0 0,0.0,0.0,0.0,0.0,1.0
chem_prompt_hypergraph,grade>=1,RQ_RFB_002_01,compositional,adjacent_chunks,performance_comparison,5,high_order_arity_5_plus,retrievable,20,1,1 0 2 0 2,3 2 2 2 2,1.0,1.0,1.0,0.284971,12.845377
chem_prompt_hypergraph,grade>=1,RQ_RFB_003_02,compositional,single_chunk,operating_conditions,6,high_order_arity_5_plus,retrievable,20,3,3 0 1 0 1,3 3 3 1 1,1.0,1.0,1.0,0.501261,15.734038
chem_prompt_hypergraph,grade>=1,RQ_RFB_005_02,compositional,adjacent_chunks,cycling_stability,5,high_order_arity_5_plus,retrievable,20,0,0 0 0 0 0,3 2 2 2 2,0.0,0.0,0.0,0.0,12.845377
chem_prompt_hypergraph,grade>=1,RQ_RFB_006_02,compositional,single_chunk,performance_comparison,5,high_order_arity_5_plus,retrievable,20,0,0 3 0 1 0,3 2 1 1 1,0.0,1.0,0.5,0.474734,10.210319
chem_prompt_hypergraph,grade>=1,RQ_RFB_007_02,simple,single_chunk,operating_conditions,4,high_order_arity_3_4,retrievable,20,3,3 0 1 0 0,3 3 2 1 1,1.0,1.0,1.0,0.546088,13.734038
chem_prompt_hypergraph,grade>=1,RQ_RFB_008_01,high_order,cross_section,mechanism,4,high_order_arity_3_4,retrievable,20,3,3 0 0 0 3,3 3 3 3 2,1.0,1.0,1.0,0.508489,19.091803
chem_prompt_hypergraph,grade>=1,RQ_RFB_010_02,high_order,cross_section,performance_comparison,5,high_order_arity_5_plus,retrievable,20,3,3 0 3 0 1,3 3 3 1 1,1.0,1.0,1.0,0.69193,15.734038
chem_prompt_hypergraph,grade>=1,RQ_RFB_011_01,high_order,cross_section,system_architecture,4,high_order_arity_3_4,retrievable,20,1,1 0 0 0 1,3 3 3 1 1,1.0,1.0,1.0,0.088143,15.734038
chem_prompt_hypergraph,grade>=1,RQ_RFB_012_02,simple,single_chunk,modeling_diagnostics,4,high_order_arity_3_4,retrievable,20,0,0 0 3 2 3,3 3 3 3 3,0.0,1.0,0.333333,0.363386,20.639214
chem_prompt_hypergraph,grade>=1,RQ_RFB_013_02,simple,single_chunk,system_architecture,4,high_order_arity_3_4,retrievable,20,1,1 0 0 0 0,3 3 2 1 1,1.0,1.0,1.0,0.072812,13.734038
chem_prompt_hypergraph,grade>=1,RQ_RFB_014_01,high_order,cross_section,material_design,5,high_order_arity_5_plus,retrievable,20,0,0 0 0 0 0,3 3 3 2 2,0.0,0.0,0.125,0.0,17.369096
chem_prompt_hypergraph,grade>=1,RQ_RFB_015_02,compositional,single_chunk,cycling_stability,6,high_order_arity_5_plus,retrievable,20,1,1 0 3 0 3,3 3 3 3 2,1.0,1.0,1.0,0.377543,19.091803
chem_prompt_hypergraph,grade>=1,RQ_RFB_016_02,simple,single_chunk,performance_comparison,4,high_order_arity_3_4,retrievable,20,0,0 0 1 0 2,3 3 3 2 1,0.0,1.0,0.333333,0.100061,16.595391
chem_prompt_hypergraph,grade>=1,RQ_RFB_019_01,compositional,single_chunk,performance_comparison,6,high_order_arity_5_plus,retrievable,20,3,3 0 1 0 1,3 2 2 2 1,1.0,1.0,1.0,0.653336,12.071672
chem_prompt_hypergraph,grade>=1,RQ_RFB_020_02,compositional,single_chunk,operating_conditions,5,high_order_arity_5_plus,retrievable,20,0,0 0 1 0 3,3 3 3 3 2,0.0,1.0,0.333333,0.168029,19.091803
chem_prompt_hypergraph,grade>=1,RQ_RFB_021_01,compositional,single_chunk,mechanism,5,high_order_arity_5_plus,retrievable,20,1,1 0 3 0 0,3 3 3 3 2,1.0,1.0,1.0,0.235703,19.091803
chem_prompt_hypergraph,grade>=1,RQ_RFB_022_02,compositional,adjacent_chunks,cycling_stability,4,high_order_arity_3_4,retrievable,20,0,0 0 0 0 0,3 3 2 2 1,0.0,0.0,0.142857,0.0,14.595391
chem_prompt_hypergraph,grade>=1,RQ_RFB_023_01,high_order,cross_section,operating_conditions,6,high_order_arity_5_plus,retrievable,20,1,1 0 0 0 0,3 3 3 2 2,1.0,1.0,1.0,0.057574,17.369096
chem_prompt_hypergraph,grade>=1,RQ_RFB_024_02,compositional,single_chunk,cycling_stability,5,high_order_arity_5_plus,retrievable,20,0,0 0 3 0 2,3 2 2 2 2,0.0,1.0,0.333333,0.36282,12.845377
chem_prompt_hypergraph,grade>=1,RQ_RFB_025_01,compositional,single_chunk,operating_conditions,5,high_order_arity_5_plus,retrievable,20,0,0 0 0 0 0,3 3 3 3 2,0.0,0.0,0.125,0.0,19.091803
chem_prompt_hypergraph,grade>=1,RQ_RFB_026_01,compositional,single_chunk,operating_conditions,5,high_order_arity_5_plus,retrievable,20,1,1 2 0 1 0,3 3 3 2 2,1.0,1.0,1.0,0.191344,17.369096
chem_prompt_hypergraph,grade>=1,RQ_RFB_029_02,compositional,single_chunk,performance_metrics,8,high_order_arity_5_plus,retrievable,20,1,1 0 0 0 0,3 3 3 2 2,1.0,1.0,1.0,0.057574,17.369096
chem_prompt_hypergraph,grade>=1,RQ_RFB_031_02,simple,single_chunk,performance_metrics,4,high_order_arity_3_4,retrievable,20,3,3 0 0 2 0,3 3 2 2 2,1.0,1.0,1.0,0.539526,15.369096
chem_prompt_hypergraph,grade>=1,RQ_RFB_032_02,simple,single_chunk,cycling_stability,4,high_order_arity_3_4,retrievable,20,3,3 0 0 0 1,3 3 3 1 1,1.0,1.0,1.0,0.469482,15.734038
chem_prompt_hypergraph,grade>=1,RQ_RFB_033_02,high_order,adjacent_chunks,performance_metrics,6,high_order_arity_5_plus,retrievable,20,2,2 0 1 0 3,3 3 3 2 2,1.0,1.0,1.0,0.357415,17.369096
chem_prompt_hypergraph,grade>=1,RQ_RFB_034_01,high_order,cross_section,mechanism,6,high_order_arity_5_plus,retrievable,20,0,0 0 0 0 0,3 3 2 2 2,0.0,0.0,0.0,0.0,15.369096
chem_prompt_hypergraph,grade>=1,RQ_RFB_035_02,simple,single_chunk,performance_comparison,3,high_order_arity_3_4,retrievable,20,0,0 0 1 0 1,3 3 3 1 1,0.0,1.0,0.333333,0.056365,15.734038
chem_prompt_hypergraph,grade>=1,RQ_RFB_036_02,high_order,adjacent_chunks,performance_comparison,6,high_order_arity_5_plus,retrievable,20,0,0 0 0 0 0,3 3 3 2 1,0.0,0.0,0.052632,0.0,16.595391
chem_prompt_hypergraph,grade>=1,RQ_RFB_037_02,compositional,single_chunk,cycling_stability,5,high_order_arity_5_plus,retrievable,20,3,3 0 0 0 1,3 3 3 2 1,1.0,1.0,1.0,0.445115,16.595391
chem_prompt_hypergraph,grade>=1,RQ_RFB_038_02,compositional,single_chunk,performance_comparison,6,high_order_arity_5_plus,retrievable,20,0,0 0 0 0 0,3 3 1 1 1,0.0,0.0,0.166667,0.0,12.734038
chem_prompt_hypergraph,grade>=1,RQ_RFB_040_02,compositional,single_chunk,operating_conditions,5,high_order_arity_5_plus,retrievable,20,0,0 0 0 0 0,3 3 3 1 1,0.0,0.0,0.0,0.0,15.734038
chem_prompt_hypergraph,grade>=1,RQ_RFB_041_01,high_order,cross_section,operating_conditions,5,high_order_arity_5_plus,retrievable,20,0,0 0 0 0 0,3 3 3 2 1,0.0,0.0,0.071429,0.0,16.595391
chem_prompt_hypergraph,grade>=1,RQ_RFB_043_02,high_order,adjacent_chunks,performance_metrics,8,high_order_arity_5_plus,retrievable,20,3,3 1 1 0 0,3 2 2 2 2,1.0,1.0,1.0,0.632985,12.845377
chem_prompt_hypergraph,grade>=1,RQ_RFB_045_02,simple,single_chunk,performance_metrics,4,high_order_arity_3_4,retrievable,20,1,1 0 3 0 0,3 3 1 1 1,1.0,1.0,1.0,0.353384,12.734038
chem_prompt_hypergraph,grade>=1,RQ_RFB_046_02,compositional,single_chunk,cycling_stability,5,high_order_arity_5_plus,retrievable,20,0,0 0 0 0 0,3 3 2 2 1,0.0,0.0,0.142857,0.0,14.595391
chem_prompt_hypergraph,grade>=1,RQ_RFB_047_02,compositional,single_chunk,performance_comparison,7,high_order_arity_5_plus,retrievable,20,0,0 0 0 0 0,3 2 2 1 1,0.0,0.0,0.142857,0.0,11.210319
chem_prompt_hypergraph,grade>=1,RQ_RFB_048_02,compositional,single_chunk,performance_metrics,5,high_order_arity_5_plus,retrievable,20,1,1 0 1 0 0,3 2 1 1 1,1.0,1.0,1.0,0.14691,10.210319
chem_prompt_hypergraph,grade>=1,RQ_RFB_050_02,compositional,cross_section,performance_metrics,5,high_order_arity_5_plus,retrievable,20,3,3 0 3 0 1,3 3 3 1 1,1.0,1.0,1.0,0.69193,15.734038
chem_prompt_hypergraph,grade>=1,RQ_RFB_051_01,high_order,cross_section,modeling_diagnostics,6,high_order_arity_5_plus,retrievable,20,0,0 2 3 0 2,3 3 3 3 2,0.0,1.0,0.5,0.343255,19.091803
chem_prompt_hypergraph,grade>=1,RQ_RFB_052_02,compositional,single_chunk,performance_metrics,5,high_order_arity_5_plus,retrievable,20,1,1 0 1 0 3,3 3 3 3 1,1.0,1.0,1.0,0.229717,18.318097
chem_prompt_hypergraph,grade>=1,RQ_RFB_055_02,high_order,cross_section,modeling_diagnostics,5,high_order_arity_5_plus,retrievable,20,0,0 0 0 0 0,3 3 3 2 1,0.0,0.0,0.083333,0.0,16.595391
chem_prompt_hypergraph,grade>=1,RQ_RFB_056_02,high_order,adjacent_chunks,performance_metrics,6,high_order_arity_5_plus,retrievable,20,1,1 0 2 0 0,3 2 2 1 1,1.0,1.0,1.0,0.223009,11.210319
chem_prompt_hypergraph,grade>=1,RQ_RFB_058_02,high_order,adjacent_chunks,operating_conditions,6,high_order_arity_5_plus,retrievable,20,0,0 0 0 1 0,3 3 3 2 2,0.0,1.0,0.25,0.024796,17.369096
chem_prompt_hypergraph,grade>=1,RQ_RFB_059_02,compositional,single_chunk,performance_metrics,5,high_order_arity_5_plus,retrievable,20,3,3 0 3 0 3,3 3 3 3 2,1.0,1.0,1.0,0.691814,19.091803
chem_prompt_hypergraph,grade>=1,RQ_RFB_060_02,compositional,single_chunk,performance_metrics,5,high_order_arity_5_plus,retrievable,20,3,3 0 3 0 1,3 3 1 1 0,1.0,1.0,1.0,0.881728,12.347185
chem_prompt_hypergraph,grade>=1,UQ_001,compositional,none,life_cycle_assessment,,unknown,unanswerable,20,0,0 0 0 0 0,0 0 0 0 0,0.0,0.0,0.0,0.0,0.0
chem_prompt_hypergraph,grade>=1,UQ_002,compositional,none,electrolyte_recycling,,unknown,unanswerable,20,0,0 0 0 0 0,0 0 0 0 0,0.0,0.0,0.0,0.0,0.0
chem_prompt_hypergraph,grade>=1,UQ_003,compositional,none,environmental_robustness,,unknown,unanswerable,20,0,0 0 0 0 0,1 0 0 0 0,0.0,0.0,0.0,0.0,1.0
chem_prompt_hypergraph,grade>=1,UQ_004,compositional,none,balance_of_plant_durability,,unknown,unanswerable,20,0,0 0 0 0 0,0 0 0 0 0,0.0,0.0,0.0,0.0,0.0
chem_prompt_hypergraph,grade>=1,UQ_009,compositional,none,hydraulic_fault_effect,,unknown,unanswerable,20,0,0 0 0 0 0,0 0 0 0 0,0.0,0.0,0.0,0.0,0.0
chem_prompt_hypergraph,grade>=1,UQ_010,compositional,none,operando_control,,unknown,unanswerable,20,0,0 0 0 0 0,1 0 0 0 0,0.0,0.0,0.0,0.0,1.0
chem_prompt_hypergraph,grade>=1,UQ_011,compositional,none,model_uncertainty,,unknown,unanswerable,20,1,1 0 0 1 0,1 1 1 1 1,1.0,1.0,1.0,0.485229,2.948459
chem_prompt_hypergraph,grade>=1,UQ_012,compositional,none,manufacturing_sustainability,,unknown,unanswerable,20,1,1 0 0 0 0,1 0 0 0 0,1.0,1.0,1.0,1.0,1.0
chem_prompt_hypergraph,grade>=1,UQ_013,compositional,none,catalyst_recycling,,unknown,unanswerable,20,0,0 0 0 0 0,1 1 1 1 0,0.0,0.0,0.052632,0.0,2.561606
chem_prompt_hypergraph,grade>=1,UQ_015,compositional,none,membrane_mechanical_fatigue,,unknown,unanswerable,20,0,0 0 0 0 0,0 0 0 0 0,0.0,0.0,0.0,0.0,0.0
chem_prompt_hypergraph,grade>=1,UQ_016,compositional,none,operando_diagnostics,,unknown,unanswerable,20,1,1 0 0 0 0,2 1 1 1 1,1.0,1.0,1.0,0.202083,4.948459
chem_prompt_hypergraph,grade>=1,UQ_018,compositional,none,contamination_failure,,unknown,unanswerable,20,0,0 0 0 0 0,1 0 0 0 0,0.0,0.0,0.0,0.0,1.0
chem_prompt_hypergraph,grade>=1,UQ_019,compositional,none,environmental_safety,,unknown,unanswerable,20,0,0 0 0 0 0,1 0 0 0 0,0.0,0.0,0.142857,0.0,1.0
chem_prompt_hypergraph,grade>=2,RQ_RFB_002_01,compositional,adjacent_chunks,performance_comparison,5,high_order_arity_5_plus,retrievable,20,1,1 0 2 0 2,3 2 2 2 2,0.0,1.0,0.333333,0.284971,12.845377
chem_prompt_hypergraph,grade>=2,RQ_RFB_003_02,compositional,single_chunk,operating_conditions,6,high_order_arity_5_plus,retrievable,20,3,3 0 1 0 1,3 3 3 1 1,1.0,1.0,1.0,0.501261,15.734038
chem_prompt_hypergraph,grade>=2,RQ_RFB_005_02,compositional,adjacent_chunks,cycling_stability,5,high_order_arity_5_plus,retrievable,20,0,0 0 0 0 0,3 2 2 2 2,0.0,0.0,0.0,0.0,12.845377
chem_prompt_hypergraph,grade>=2,RQ_RFB_006_02,compositional,single_chunk,performance_comparison,5,high_order_arity_5_plus,retrievable,20,0,0 3 0 1 0,3 2 1 1 1,0.0,1.0,0.5,0.474734,10.210319
chem_prompt_hypergraph,grade>=2,RQ_RFB_007_02,simple,single_chunk,operating_conditions,4,high_order_arity_3_4,retrievable,20,3,3 0 1 0 0,3 3 2 1 1,1.0,1.0,1.0,0.546088,13.734038
chem_prompt_hypergraph,grade>=2,RQ_RFB_008_01,high_order,cross_section,mechanism,4,high_order_arity_3_4,retrievable,20,3,3 0 0 0 3,3 3 3 3 2,1.0,1.0,1.0,0.508489,19.091803
chem_prompt_hypergraph,grade>=2,RQ_RFB_010_02,high_order,cross_section,performance_comparison,5,high_order_arity_5_plus,retrievable,20,3,3 0 3 0 1,3 3 3 1 1,1.0,1.0,1.0,0.69193,15.734038
chem_prompt_hypergraph,grade>=2,RQ_RFB_011_01,high_order,cross_section,system_architecture,4,high_order_arity_3_4,retrievable,20,1,1 0 0 0 1,3 3 3 1 1,0.0,0.0,0.0,0.088143,15.734038
chem_prompt_hypergraph,grade>=2,RQ_RFB_012_02,simple,single_chunk,modeling_diagnostics,4,high_order_arity_3_4,retrievable,20,0,0 0 3 2 3,3 3 3 3 3,0.0,1.0,0.333333,0.363386,20.639214
chem_prompt_hypergraph,grade>=2,RQ_RFB_013_02,simple,single_chunk,system_architecture,4,high_order_arity_3_4,retrievable,20,1,1 0 0 0 0,3 3 2 1 1,0.0,0.0,0.111111,0.072812,13.734038
chem_prompt_hypergraph,grade>=2,RQ_RFB_014_01,high_order,cross_section,material_design,5,high_order_arity_5_plus,retrievable,20,0,0 0 0 0 0,3 3 3 2 2,0.0,0.0,0.125,0.0,17.369096
chem_prompt_hypergraph,grade>=2,RQ_RFB_015_02,compositional,single_chunk,cycling_stability,6,high_order_arity_5_plus,retrievable,20,1,1 0 3 0 3,3 3 3 3 2,0.0,1.0,0.333333,0.377543,19.091803
chem_prompt_hypergraph,grade>=2,RQ_RFB_016_02,simple,single_chunk,performance_comparison,4,high_order_arity_3_4,retrievable,20,0,0 0 1 0 2,3 3 3 2 1,0.0,1.0,0.2,0.100061,16.595391
chem_prompt_hypergraph,grade>=2,RQ_RFB_019_01,compositional,single_chunk,performance_comparison,6,high_order_arity_5_plus,retrievable,20,3,3 0 1 0 1,3 2 2 2 1,1.0,1.0,1.0,0.653336,12.071672
chem_prompt_hypergraph,grade>=2,RQ_RFB_020_02,compositional,single_chunk,operating_conditions,5,high_order_arity_5_plus,retrievable,20,0,0 0 1 0 3,3 3 3 3 2,0.0,1.0,0.2,0.168029,19.091803
chem_prompt_hypergraph,grade>=2,RQ_RFB_021_01,compositional,single_chunk,mechanism,5,high_order_arity_5_plus,retrievable,20,1,1 0 3 0 0,3 3 3 3 2,0.0,1.0,0.333333,0.235703,19.091803
chem_prompt_hypergraph,grade>=2,RQ_RFB_022_02,compositional,adjacent_chunks,cycling_stability,4,high_order_arity_3_4,retrievable,20,0,0 0 0 0 0,3 3 2 2 1,0.0,0.0,0.142857,0.0,14.595391
chem_prompt_hypergraph,grade>=2,RQ_RFB_023_01,high_order,cross_section,operating_conditions,6,high_order_arity_5_plus,retrievable,20,1,1 0 0 0 0,3 3 3 2 2,0.0,0.0,0.0625,0.057574,17.369096
chem_prompt_hypergraph,grade>=2,RQ_RFB_024_02,compositional,single_chunk,cycling_stability,5,high_order_arity_5_plus,retrievable,20,0,0 0 3 0 2,3 2 2 2 2,0.0,1.0,0.333333,0.36282,12.845377
chem_prompt_hypergraph,grade>=2,RQ_RFB_025_01,compositional,single_chunk,operating_conditions,5,high_order_arity_5_plus,retrievable,20,0,0 0 0 0 0,3 3 3 3 2,0.0,0.0,0.125,0.0,19.091803
chem_prompt_hypergraph,grade>=2,RQ_RFB_026_01,compositional,single_chunk,operating_conditions,5,high_order_arity_5_plus,retrievable,20,1,1 2 0 1 0,3 3 3 2 2,0.0,1.0,0.5,0.191344,17.369096
chem_prompt_hypergraph,grade>=2,RQ_RFB_029_02,compositional,single_chunk,performance_metrics,8,high_order_arity_5_plus,retrievable,20,1,1 0 0 0 0,3 3 3 2 2,0.0,0.0,0.111111,0.057574,17.369096
chem_prompt_hypergraph,grade>=2,RQ_RFB_031_02,simple,single_chunk,performance_metrics,4,high_order_arity_3_4,retrievable,20,3,3 0 0 2 0,3 3 2 2 2,1.0,1.0,1.0,0.539526,15.369096
chem_prompt_hypergraph,grade>=2,RQ_RFB_032_02,simple,single_chunk,cycling_stability,4,high_order_arity_3_4,retrievable,20,3,3 0 0 0 1,3 3 3 1 1,1.0,1.0,1.0,0.469482,15.734038
chem_prompt_hypergraph,grade>=2,RQ_RFB_033_02,high_order,adjacent_chunks,performance_metrics,6,high_order_arity_5_plus,retrievable,20,2,2 0 1 0 3,3 3 3 2 2,1.0,1.0,1.0,0.357415,17.369096
chem_prompt_hypergraph,grade>=2,RQ_RFB_034_01,high_order,cross_section,mechanism,6,high_order_arity_5_plus,retrievable,20,0,0 0 0 0 0,3 3 2 2 2,0.0,0.0,0.0,0.0,15.369096
chem_prompt_hypergraph,grade>=2,RQ_RFB_035_02,simple,single_chunk,performance_comparison,3,high_order_arity_3_4,retrievable,20,0,0 0 1 0 1,3 3 3 1 1,0.0,0.0,0.0,0.056365,15.734038
chem_prompt_hypergraph,grade>=2,RQ_RFB_036_02,high_order,adjacent_chunks,performance_comparison,6,high_order_arity_5_plus,retrievable,20,0,0 0 0 0 0,3 3 3 2 1,0.0,0.0,0.0,0.0,16.595391
chem_prompt_hypergraph,grade>=2,RQ_RFB_037_02,compositional,single_chunk,cycling_stability,5,high_order_arity_5_plus,retrievable,20,3,3 0 0 0 1,3 3 3 2 1,1.0,1.0,1.0,0.445115,16.595391
chem_prompt_hypergraph,grade>=2,RQ_RFB_038_02,compositional,single_chunk,performance_comparison,6,high_order_arity_5_plus,retrievable,20,0,0 0 0 0 0,3 3 1 1 1,0.0,0.0,0.0,0.0,12.734038
chem_prompt_hypergraph,grade>=2,RQ_RFB_040_02,compositional,single_chunk,operating_conditions,5,high_order_arity_5_plus,retrievable,20,0,0 0 0 0 0,3 3 3 1 1,0.0,0.0,0.0,0.0,15.734038
chem_prompt_hypergraph,grade>=2,RQ_RFB_041_01,high_order,cross_section,operating_conditions,5,high_order_arity_5_plus,retrievable,20,0,0 0 0 0 0,3 3 3 2 1,0.0,0.0,0.0,0.0,16.595391
chem_prompt_hypergraph,grade>=2,RQ_RFB_043_02,high_order,adjacent_chunks,performance_metrics,8,high_order_arity_5_plus,retrievable,20,3,3 1 1 0 0,3 2 2 2 2,1.0,1.0,1.0,0.632985,12.845377
chem_prompt_hypergraph,grade>=2,RQ_RFB_045_02,simple,single_chunk,performance_metrics,4,high_order_arity_3_4,retrievable,20,1,1 0 3 0 0,3 3 1 1 1,0.0,1.0,0.333333,0.353384,12.734038
chem_prompt_hypergraph,grade>=2,RQ_RFB_046_02,compositional,single_chunk,cycling_stability,5,high_order_arity_5_plus,retrievable,20,0,0 0 0 0 0,3 3 2 2 1,0.0,0.0,0.090909,0.0,14.595391
chem_prompt_hypergraph,grade>=2,RQ_RFB_047_02,compositional,single_chunk,performance_comparison,7,high_order_arity_5_plus,retrievable,20,0,0 0 0 0 0,3 2 2 1 1,0.0,0.0,0.142857,0.0,11.210319
chem_prompt_hypergraph,grade>=2,RQ_RFB_048_02,compositional,single_chunk,performance_metrics,5,high_order_arity_5_plus,retrievable,20,1,1 0 1 0 0,3 2 1 1 1,0.0,0.0,0.0,0.14691,10.210319
chem_prompt_hypergraph,grade>=2,RQ_RFB_050_02,compositional,cross_section,performance_metrics,5,high_order_arity_5_plus,retrievable,20,3,3 0 3 0 1,3 3 3 1 1,1.0,1.0,1.0,0.69193,15.734038
chem_prompt_hypergraph,grade>=2,RQ_RFB_051_01,high_order,cross_section,modeling_diagnostics,6,high_order_arity_5_plus,retrievable,20,0,0 2 3 0 2,3 3 3 3 2,0.0,1.0,0.5,0.343255,19.091803
chem_prompt_hypergraph,grade>=2,RQ_RFB_052_02,compositional,single_chunk,performance_metrics,5,high_order_arity_5_plus,retrievable,20,1,1 0 1 0 3,3 3 3 3 1,0.0,1.0,0.2,0.229717,18.318097
chem_prompt_hypergraph,grade>=2,RQ_RFB_055_02,high_order,cross_section,modeling_diagnostics,5,high_order_arity_5_plus,retrievable,20,0,0 0 0 0 0,3 3 3 2 1,0.0,0.0,0.083333,0.0,16.595391
chem_prompt_hypergraph,grade>=2,RQ_RFB_056_02,high_order,adjacent_chunks,performance_metrics,6,high_order_arity_5_plus,retrievable,20,1,1 0 2 0 0,3 2 2 1 1,0.0,1.0,0.333333,0.223009,11.210319
chem_prompt_hypergraph,grade>=2,RQ_RFB_058_02,high_order,adjacent_chunks,operating_conditions,6,high_order_arity_5_plus,retrievable,20,0,0 0 0 1 0,3 3 3 2 2,0.0,0.0,0.1,0.024796,17.369096
chem_prompt_hypergraph,grade>=2,RQ_RFB_059_02,compositional,single_chunk,performance_metrics,5,high_order_arity_5_plus,retrievable,20,3,3 0 3 0 3,3 3 3 3 2,1.0,1.0,1.0,0.691814,19.091803
chem_prompt_hypergraph,grade>=2,RQ_RFB_060_02,compositional,single_chunk,performance_metrics,5,high_order_arity_5_plus,retrievable,20,3,3 0 3 0 1,3 3 1 1 0,1.0,1.0,1.0,0.881728,12.347185
chem_prompt_hypergraph,grade>=2,UQ_001,compositional,none,life_cycle_assessment,,unknown,unanswerable,20,0,0 0 0 0 0,0 0 0 0 0,0.0,0.0,0.0,0.0,0.0
chem_prompt_hypergraph,grade>=2,UQ_002,compositional,none,electrolyte_recycling,,unknown,unanswerable,20,0,0 0 0 0 0,0 0 0 0 0,0.0,0.0,0.0,0.0,0.0
chem_prompt_hypergraph,grade>=2,UQ_003,compositional,none,environmental_robustness,,unknown,unanswerable,20,0,0 0 0 0 0,1 0 0 0 0,0.0,0.0,0.0,0.0,1.0
chem_prompt_hypergraph,grade>=2,UQ_004,compositional,none,balance_of_plant_durability,,unknown,unanswerable,20,0,0 0 0 0 0,0 0 0 0 0,0.0,0.0,0.0,0.0,0.0
chem_prompt_hypergraph,grade>=2,UQ_009,compositional,none,hydraulic_fault_effect,,unknown,unanswerable,20,0,0 0 0 0 0,0 0 0 0 0,0.0,0.0,0.0,0.0,0.0
chem_prompt_hypergraph,grade>=2,UQ_010,compositional,none,operando_control,,unknown,unanswerable,20,0,0 0 0 0 0,1 0 0 0 0,0.0,0.0,0.0,0.0,1.0
chem_prompt_hypergraph,grade>=2,UQ_011,compositional,none,model_uncertainty,,unknown,unanswerable,20,1,1 0 0 1 0,1 1 1 1 1,0.0,0.0,0.0,0.485229,2.948459
chem_prompt_hypergraph,grade>=2,UQ_012,compositional,none,manufacturing_sustainability,,unknown,unanswerable,20,1,1 0 0 0 0,1 0 0 0 0,0.0,0.0,0.0,1.0,1.0
chem_prompt_hypergraph,grade>=2,UQ_013,compositional,none,catalyst_recycling,,unknown,unanswerable,20,0,0 0 0 0 0,1 1 1 1 0,0.0,0.0,0.0,0.0,2.561606
chem_prompt_hypergraph,grade>=2,UQ_015,compositional,none,membrane_mechanical_fatigue,,unknown,unanswerable,20,0,0 0 0 0 0,0 0 0 0 0,0.0,0.0,0.0,0.0,0.0
chem_prompt_hypergraph,grade>=2,UQ_016,compositional,none,operando_diagnostics,,unknown,unanswerable,20,1,1 0 0 0 0,2 1 1 1 1,0.0,0.0,0.0,0.202083,4.948459
chem_prompt_hypergraph,grade>=2,UQ_018,compositional,none,contamination_failure,,unknown,unanswerable,20,0,0 0 0 0 0,1 0 0 0 0,0.0,0.0,0.0,0.0,1.0
chem_prompt_hypergraph,grade>=2,UQ_019,compositional,none,environmental_safety,,unknown,unanswerable,20,0,0 0 0 0 0,1 0 0 0 0,0.0,0.0,0.0,0.0,1.0
chem_prompt_hypergraph,grade>=3,RQ_RFB_002_01,compositional,adjacent_chunks,performance_comparison,5,high_order_arity_5_plus,retrievable,20,1,1 0 2 0 2,3 2 2 2 2,0.0,0.0,0.0,0.284971,12.845377
chem_prompt_hypergraph,grade>=3,RQ_RFB_003_02,compositional,single_chunk,operating_conditions,6,high_order_arity_5_plus,retrievable,20,3,3 0 1 0 1,3 3 3 1 1,1.0,1.0,1.0,0.501261,15.734038
chem_prompt_hypergraph,grade>=3,RQ_RFB_005_02,compositional,adjacent_chunks,cycling_stability,5,high_order_arity_5_plus,retrievable,20,0,0 0 0 0 0,3 2 2 2 2,0.0,0.0,0.0,0.0,12.845377
chem_prompt_hypergraph,grade>=3,RQ_RFB_006_02,compositional,single_chunk,performance_comparison,5,high_order_arity_5_plus,retrievable,20,0,0 3 0 1 0,3 2 1 1 1,0.0,1.0,0.5,0.474734,10.210319
chem_prompt_hypergraph,grade>=3,RQ_RFB_007_02,simple,single_chunk,operating_conditions,4,high_order_arity_3_4,retrievable,20,3,3 0 1 0 0,3 3 2 1 1,1.0,1.0,1.0,0.546088,13.734038
chem_prompt_hypergraph,grade>=3,RQ_RFB_008_01,high_order,cross_section,mechanism,4,high_order_arity_3_4,retrievable,20,3,3 0 0 0 3,3 3 3 3 2,1.0,1.0,1.0,0.508489,19.091803
chem_prompt_hypergraph,grade>=3,RQ_RFB_010_02,high_order,cross_section,performance_comparison,5,high_order_arity_5_plus,retrievable,20,3,3 0 3 0 1,3 3 3 1 1,1.0,1.0,1.0,0.69193,15.734038
chem_prompt_hypergraph,grade>=3,RQ_RFB_011_01,high_order,cross_section,system_architecture,4,high_order_arity_3_4,retrievable,20,1,1 0 0 0 1,3 3 3 1 1,0.0,0.0,0.0,0.088143,15.734038
chem_prompt_hypergraph,grade>=3,RQ_RFB_012_02,simple,single_chunk,modeling_diagnostics,4,high_order_arity_3_4,retrievable,20,0,0 0 3 2 3,3 3 3 3 3,0.0,1.0,0.333333,0.363386,20.639214
chem_prompt_hypergraph,grade>=3,RQ_RFB_013_02,simple,single_chunk,system_architecture,4,high_order_arity_3_4,retrievable,20,1,1 0 0 0 0,3 3 2 1 1,0.0,0.0,0.111111,0.072812,13.734038
chem_prompt_hypergraph,grade>=3,RQ_RFB_014_01,high_order,cross_section,material_design,5,high_order_arity_5_plus,retrievable,20,0,0 0 0 0 0,3 3 3 2 2,0.0,0.0,0.0,0.0,17.369096
chem_prompt_hypergraph,grade>=3,RQ_RFB_015_02,compositional,single_chunk,cycling_stability,6,high_order_arity_5_plus,retrievable,20,1,1 0 3 0 3,3 3 3 3 2,0.0,1.0,0.333333,0.377543,19.091803
chem_prompt_hypergraph,grade>=3,RQ_RFB_016_02,simple,single_chunk,performance_comparison,4,high_order_arity_3_4,retrievable,20,0,0 0 1 0 2,3 3 3 2 1,0.0,0.0,0.076923,0.100061,16.595391
chem_prompt_hypergraph,grade>=3,RQ_RFB_019_01,compositional,single_chunk,performance_comparison,6,high_order_arity_5_plus,retrievable,20,3,3 0 1 0 1,3 2 2 2 1,1.0,1.0,1.0,0.653336,12.071672
chem_prompt_hypergraph,grade>=3,RQ_RFB_020_02,compositional,single_chunk,operating_conditions,5,high_order_arity_5_plus,retrievable,20,0,0 0 1 0 3,3 3 3 3 2,0.0,1.0,0.2,0.168029,19.091803
chem_prompt_hypergraph,grade>=3,RQ_RFB_021_01,compositional,single_chunk,mechanism,5,high_order_arity_5_plus,retrievable,20,1,1 0 3 0 0,3 3 3 3 2,0.0,1.0,0.333333,0.235703,19.091803
chem_prompt_hypergraph,grade>=3,RQ_RFB_022_02,compositional,adjacent_chunks,cycling_stability,4,high_order_arity_3_4,retrievable,20,0,0 0 0 0 0,3 3 2 2 1,0.0,0.0,0.076923,0.0,14.595391
chem_prompt_hypergraph,grade>=3,RQ_RFB_023_01,high_order,cross_section,operating_conditions,6,high_order_arity_5_plus,retrievable,20,1,1 0 0 0 0,3 3 3 2 2,0.0,0.0,0.0625,0.057574,17.369096
chem_prompt_hypergraph,grade>=3,RQ_RFB_024_02,compositional,single_chunk,cycling_stability,5,high_order_arity_5_plus,retrievable,20,0,0 0 3 0 2,3 2 2 2 2,0.0,1.0,0.333333,0.36282,12.845377
chem_prompt_hypergraph,grade>=3,RQ_RFB_025_01,compositional,single_chunk,operating_conditions,5,high_order_arity_5_plus,retrievable,20,0,0 0 0 0 0,3 3 3 3 2,0.0,0.0,0.125,0.0,19.091803
chem_prompt_hypergraph,grade>=3,RQ_RFB_026_01,compositional,single_chunk,operating_conditions,5,high_order_arity_5_plus,retrievable,20,1,1 2 0 1 0,3 3 3 2 2,0.0,0.0,0.111111,0.191344,17.369096
chem_prompt_hypergraph,grade>=3,RQ_RFB_029_02,compositional,single_chunk,performance_metrics,8,high_order_arity_5_plus,retrievable,20,1,1 0 0 0 0,3 3 3 2 2,0.0,0.0,0.111111,0.057574,17.369096
chem_prompt_hypergraph,grade>=3,RQ_RFB_031_02,simple,single_chunk,performance_metrics,4,high_order_arity_3_4,retrievable,20,3,3 0 0 2 0,3 3 2 2 2,1.0,1.0,1.0,0.539526,15.369096
chem_prompt_hypergraph,grade>=3,RQ_RFB_032_02,simple,single_chunk,cycling_stability,4,high_order_arity_3_4,retrievable,20,3,3 0 0 0 1,3 3 3 1 1,1.0,1.0,1.0,0.469482,15.734038
chem_prompt_hypergraph,grade>=3,RQ_RFB_033_02,high_order,adjacent_chunks,performance_metrics,6,high_order_arity_5_plus,retrievable,20,2,2 0 1 0 3,3 3 3 2 2,0.0,1.0,0.2,0.357415,17.369096
chem_prompt_hypergraph,grade>=3,RQ_RFB_034_01,high_order,cross_section,mechanism,6,high_order_arity_5_plus,retrievable,20,0,0 0 0 0 0,3 3 2 2 2,0.0,0.0,0.0,0.0,15.369096
chem_prompt_hypergraph,grade>=3,RQ_RFB_035_02,simple,single_chunk,performance_comparison,3,high_order_arity_3_4,retrievable,20,0,0 0 1 0 1,3 3 3 1 1,0.0,0.0,0.0,0.056365,15.734038
chem_prompt_hypergraph,grade>=3,RQ_RFB_036_02,high_order,adjacent_chunks,performance_comparison,6,high_order_arity_5_plus,retrievable,20,0,0 0 0 0 0,3 3 3 2 1,0.0,0.0,0.0,0.0,16.595391
chem_prompt_hypergraph,grade>=3,RQ_RFB_037_02,compositional,single_chunk,cycling_stability,5,high_order_arity_5_plus,retrievable,20,3,3 0 0 0 1,3 3 3 2 1,1.0,1.0,1.0,0.445115,16.595391
chem_prompt_hypergraph,grade>=3,RQ_RFB_038_02,compositional,single_chunk,performance_comparison,6,high_order_arity_5_plus,retrievable,20,0,0 0 0 0 0,3 3 1 1 1,0.0,0.0,0.0,0.0,12.734038
chem_prompt_hypergraph,grade>=3,RQ_RFB_040_02,compositional,single_chunk,operating_conditions,5,high_order_arity_5_plus,retrievable,20,0,0 0 0 0 0,3 3 3 1 1,0.0,0.0,0.0,0.0,15.734038
chem_prompt_hypergraph,grade>=3,RQ_RFB_041_01,high_order,cross_section,operating_conditions,5,high_order_arity_5_plus,retrievable,20,0,0 0 0 0 0,3 3 3 2 1,0.0,0.0,0.0,0.0,16.595391
chem_prompt_hypergraph,grade>=3,RQ_RFB_043_02,high_order,adjacent_chunks,performance_metrics,8,high_order_arity_5_plus,retrievable,20,3,3 1 1 0 0,3 2 2 2 2,1.0,1.0,1.0,0.632985,12.845377
chem_prompt_hypergraph,grade>=3,RQ_RFB_045_02,simple,single_chunk,performance_metrics,4,high_order_arity_3_4,retrievable,20,1,1 0 3 0 0,3 3 1 1 1,0.0,1.0,0.333333,0.353384,12.734038
chem_prompt_hypergraph,grade>=3,RQ_RFB_046_02,compositional,single_chunk,cycling_stability,5,high_order_arity_5_plus,retrievable,20,0,0 0 0 0 0,3 3 2 2 1,0.0,0.0,0.076923,0.0,14.595391
chem_prompt_hypergraph,grade>=3,RQ_RFB_047_02,compositional,single_chunk,performance_comparison,7,high_order_arity_5_plus,retrievable,20,0,0 0 0 0 0,3 2 2 1 1,0.0,0.0,0.142857,0.0,11.210319
chem_prompt_hypergraph,grade>=3,RQ_RFB_048_02,compositional,single_chunk,performance_metrics,5,high_order_arity_5_plus,retrievable,20,1,1 0 1 0 0,3 2 1 1 1,0.0,0.0,0.0,0.14691,10.210319
chem_prompt_hypergraph,grade>=3,RQ_RFB_050_02,compositional,cross_section,performance_metrics,5,high_order_arity_5_plus,retrievable,20,3,3 0 3 0 1,3 3 3 1 1,1.0,1.0,1.0,0.69193,15.734038
chem_prompt_hypergraph,grade>=3,RQ_RFB_051_01,high_order,cross_section,modeling_diagnostics,6,high_order_arity_5_plus,retrievable,20,0,0 2 3 0 2,3 3 3 3 2,0.0,1.0,0.333333,0.343255,19.091803
chem_prompt_hypergraph,grade>=3,RQ_RFB_052_02,compositional,single_chunk,performance_metrics,5,high_order_arity_5_plus,retrievable,20,1,1 0 1 0 3,3 3 3 3 1,0.0,1.0,0.2,0.229717,18.318097
chem_prompt_hypergraph,grade>=3,RQ_RFB_055_02,high_order,cross_section,modeling_diagnostics,5,high_order_arity_5_plus,retrievable,20,0,0 0 0 0 0,3 3 3 2 1,0.0,0.0,0.066667,0.0,16.595391
chem_prompt_hypergraph,grade>=3,RQ_RFB_056_02,high_order,adjacent_chunks,performance_metrics,6,high_order_arity_5_plus,retrievable,20,1,1 0 2 0 0,3 2 2 1 1,0.0,0.0,0.0,0.223009,11.210319
chem_prompt_hypergraph,grade>=3,RQ_RFB_058_02,high_order,adjacent_chunks,operating_conditions,6,high_order_arity_5_plus,retrievable,20,0,0 0 0 1 0,3 3 3 2 2,0.0,0.0,0.0,0.024796,17.369096
chem_prompt_hypergraph,grade>=3,RQ_RFB_059_02,compositional,single_chunk,performance_metrics,5,high_order_arity_5_plus,retrievable,20,3,3 0 3 0 3,3 3 3 3 2,1.0,1.0,1.0,0.691814,19.091803
chem_prompt_hypergraph,grade>=3,RQ_RFB_060_02,compositional,single_chunk,performance_metrics,5,high_order_arity_5_plus,retrievable,20,3,3 0 3 0 1,3 3 1 1 0,1.0,1.0,1.0,0.881728,12.347185
chem_prompt_hypergraph,grade>=3,UQ_001,compositional,none,life_cycle_assessment,,unknown,unanswerable,20,0,0 0 0 0 0,0 0 0 0 0,0.0,0.0,0.0,0.0,0.0
chem_prompt_hypergraph,grade>=3,UQ_002,compositional,none,electrolyte_recycling,,unknown,unanswerable,20,0,0 0 0 0 0,0 0 0 0 0,0.0,0.0,0.0,0.0,0.0
chem_prompt_hypergraph,grade>=3,UQ_003,compositional,none,environmental_robustness,,unknown,unanswerable,20,0,0 0 0 0 0,1 0 0 0 0,0.0,0.0,0.0,0.0,1.0
chem_prompt_hypergraph,grade>=3,UQ_004,compositional,none,balance_of_plant_durability,,unknown,unanswerable,20,0,0 0 0 0 0,0 0 0 0 0,0.0,0.0,0.0,0.0,0.0
chem_prompt_hypergraph,grade>=3,UQ_009,compositional,none,hydraulic_fault_effect,,unknown,unanswerable,20,0,0 0 0 0 0,0 0 0 0 0,0.0,0.0,0.0,0.0,0.0
chem_prompt_hypergraph,grade>=3,UQ_010,compositional,none,operando_control,,unknown,unanswerable,20,0,0 0 0 0 0,1 0 0 0 0,0.0,0.0,0.0,0.0,1.0
chem_prompt_hypergraph,grade>=3,UQ_011,compositional,none,model_uncertainty,,unknown,unanswerable,20,1,1 0 0 1 0,1 1 1 1 1,0.0,0.0,0.0,0.485229,2.948459
chem_prompt_hypergraph,grade>=3,UQ_012,compositional,none,manufacturing_sustainability,,unknown,unanswerable,20,1,1 0 0 0 0,1 0 0 0 0,0.0,0.0,0.0,1.0,1.0
chem_prompt_hypergraph,grade>=3,UQ_013,compositional,none,catalyst_recycling,,unknown,unanswerable,20,0,0 0 0 0 0,1 1 1 1 0,0.0,0.0,0.0,0.0,2.561606
chem_prompt_hypergraph,grade>=3,UQ_015,compositional,none,membrane_mechanical_fatigue,,unknown,unanswerable,20,0,0 0 0 0 0,0 0 0 0 0,0.0,0.0,0.0,0.0,0.0
chem_prompt_hypergraph,grade>=3,UQ_016,compositional,none,operando_diagnostics,,unknown,unanswerable,20,1,1 0 0 0 0,2 1 1 1 1,0.0,0.0,0.0,0.202083,4.948459
chem_prompt_hypergraph,grade>=3,UQ_018,compositional,none,contamination_failure,,unknown,unanswerable,20,0,0 0 0 0 0,1 0 0 0 0,0.0,0.0,0.0,0.0,1.0
chem_prompt_hypergraph,grade>=3,UQ_019,compositional,none,environmental_safety,,unknown,unanswerable,20,0,0 0 0 0 0,1 0 0 0 0,0.0,0.0,0.0,0.0,1.0
normalized_final,grade>=1,RQ_RFB_002_01,compositional,adjacent_chunks,performance_comparison,5,high_order_arity_5_plus,retrievable,13,2,2 2 1 3 2,3 2 2 2 2,1.0,1.0,1.0,0.744866,12.845377
normalized_final,grade>=1,RQ_RFB_003_02,compositional,single_chunk,operating_conditions,6,high_order_arity_5_plus,retrievable,20,3,3 3 3 1 0,3 3 3 1 1,1.0,1.0,1.0,0.975413,15.734038
normalized_final,grade>=1,RQ_RFB_005_02,compositional,adjacent_chunks,cycling_stability,5,high_order_arity_5_plus,retrievable,20,2,2 0 0 1 1,3 2 2 2 2,1.0,1.0,1.0,0.297191,12.845377
normalized_final,grade>=1,RQ_RFB_006_02,compositional,single_chunk,performance_comparison,5,high_order_arity_5_plus,retrievable,18,3,3 1 1 2 1,3 2 1 1 1,1.0,1.0,1.0,0.960774,10.210319
normalized_final,grade>=1,RQ_RFB_007_02,simple,single_chunk,operating_conditions,4,high_order_arity_3_4,retrievable,20,3,3 1 1 0 2,3 3 2 1 1,1.0,1.0,1.0,0.67653,13.734038
normalized_final,grade>=1,RQ_RFB_008_01,high_order,cross_section,mechanism,4,high_order_arity_3_4,retrievable,20,3,3 0 3 3 3,3 3 3 3 2,1.0,1.0,1.0,0.849721,19.091803
normalized_final,grade>=1,RQ_RFB_010_02,high_order,cross_section,performance_comparison,5,high_order_arity_5_plus,retrievable,20,0,0 1 3 0 3,3 3 3 1 1,0.0,1.0,0.5,0.434656,15.734038
normalized_final,grade>=1,RQ_RFB_011_01,high_order,cross_section,system_architecture,4,high_order_arity_3_4,retrievable,20,0,0 1 1 1 0,3 3 3 1 1,0.0,1.0,0.5,0.09925,15.734038
normalized_final,grade>=1,RQ_RFB_012_02,simple,single_chunk,modeling_diagnostics,4,high_order_arity_3_4,retrievable,20,3,3 1 3 3 3,3 3 3 3 3,1.0,1.0,1.0,0.816583,20.639214
normalized_final,grade>=1,RQ_RFB_013_02,simple,single_chunk,system_architecture,4,high_order_arity_3_4,retrievable,20,1,1 2 1 1 3,3 3 2 1 1,1.0,1.0,1.0,0.475566,13.734038
normalized_final,grade>=1,RQ_RFB_014_01,high_order,cross_section,material_design,5,high_order_arity_5_plus,retrievable,20,0,0 0 1 0 2,3 3 3 2 2,0.0,1.0,0.333333,0.095604,17.369096
normalized_final,grade>=1,RQ_RFB_015_02,compositional,single_chunk,cycling_stability,6,high_order_arity_5_plus,retrievable,20,0,0 0 0 0 3,3 3 3 3 2,0.0,1.0,0.2,0.141839,19.091803
normalized_final,grade>=1,RQ_RFB_016_02,simple,single_chunk,performance_comparison,4,high_order_arity_3_4,retrievable,20,2,2 1 1 0 3,3 3 3 2 1,1.0,1.0,1.0,0.412096,16.595391
normalized_final,grade>=1,RQ_RFB_019_01,compositional,single_chunk,performance_comparison,6,high_order_arity_5_plus,retrievable,17,3,3 2 2 0 1,3 2 2 2 1,1.0,1.0,1.0,0.89297,12.071672
normalized_final,grade>=1,RQ_RFB_020_02,compositional,single_chunk,operating_conditions,5,high_order_arity_5_plus,retrievable,14,1,1 1 1 1 3,3 3 3 3 2,1.0,1.0,1.0,0.276012,19.091803
normalized_final,grade>=1,RQ_RFB_021_01,compositional,single_chunk,mechanism,5,high_order_arity_5_plus,retrievable,15,1,1 3 0 2 3,3 3 3 3 2,1.0,1.0,1.0,0.493223,19.091803
normalized_final,grade>=1,RQ_RFB_022_02,compositional,adjacent_chunks,cycling_stability,4,high_order_arity_3_4,retrievable,20,0,0 0 0 0 0,3 3 2 2 1,0.0,0.0,0.1,0.0,14.595391
normalized_final,grade>=1,RQ_RFB_023_01,high_order,cross_section,operating_conditions,6,high_order_arity_5_plus,retrievable,20,2,2 3 3 0 2,3 3 3 2 2,1.0,1.0,1.0,0.695319,17.369096
normalized_final,grade>=1,RQ_RFB_024_02,compositional,single_chunk,cycling_stability,5,high_order_arity_5_plus,retrievable,20,0,0 3 1 0 2,3 2 2 2 2,0.0,1.0,0.5,0.473094,12.845377
normalized_final,grade>=1,RQ_RFB_025_01,compositional,single_chunk,operating_conditions,5,high_order_arity_5_plus,retrievable,18,3,3 0 3 3 1,3 3 3 3 2,1.0,1.0,1.0,0.728144,19.091803
normalized_final,grade>=1,RQ_RFB_026_01,compositional,single_chunk,operating_conditions,5,high_order_arity_5_plus,retrievable,20,1,1 0 1 0 3,3 3 3 2 2,1.0,1.0,1.0,0.242268,17.369096
normalized_final,grade>=1,RQ_RFB_029_02,compositional,single_chunk,performance_metrics,8,high_order_arity_5_plus,retrievable,10,1,1 1 3 1 2,3 3 3 2 2,1.0,1.0,1.0,0.387019,17.369096
normalized_final,grade>=1,RQ_RFB_031_02,simple,single_chunk,performance_metrics,4,high_order_arity_3_4,retrievable,20,0,0 0 0 0 0,3 3 2 2 2,0.0,0.0,0.111111,0.0,15.369096
normalized_final,grade>=1,RQ_RFB_032_02,simple,single_chunk,cycling_stability,4,high_order_arity_3_4,retrievable,20,3,3 1 1 1 1,3 3 3 1 1,1.0,1.0,1.0,0.568733,15.734038
normalized_final,grade>=1,RQ_RFB_033_02,high_order,adjacent_chunks,performance_metrics,6,high_order_arity_5_plus,retrievable,20,2,2 3 1 3 3,3 3 3 2 2,1.0,1.0,1.0,0.785258,17.369096
normalized_final,grade>=1,RQ_RFB_034_01,high_order,cross_section,mechanism,6,high_order_arity_5_plus,retrievable,20,0,0 2 2 3 0,3 3 2 2 2,0.0,1.0,0.5,0.41691,15.369096
normalized_final,grade>=1,RQ_RFB_035_02,simple,single_chunk,performance_comparison,3,high_order_arity_3_4,retrievable,16,0,0 3 3 0 0,3 3 3 1 1,0.0,1.0,0.5,0.503145,15.734038
normalized_final,grade>=1,RQ_RFB_036_02,high_order,adjacent_chunks,performance_comparison,6,high_order_arity_5_plus,retrievable,17,3,3 1 1 1 1,3 3 3 2 1,1.0,1.0,1.0,0.539214,16.595391
normalized_final,grade>=1,RQ_RFB_037_02,compositional,single_chunk,cycling_stability,5,high_order_arity_5_plus,retrievable,14,0,0 3 1 2 1,3 3 3 2 1,0.0,1.0,0.5,0.397423,16.595391
normalized_final,grade>=1,RQ_RFB_038_02,compositional,single_chunk,performance_comparison,6,high_order_arity_5_plus,retrievable,20,0,0 0 1 0 0,3 3 1 1 1,0.0,1.0,0.333333,0.039265,12.734038
normalized_final,grade>=1,RQ_RFB_040_02,compositional,single_chunk,operating_conditions,5,high_order_arity_5_plus,retrievable,20,1,1 3 3 1 1,3 3 3 1 1,1.0,1.0,1.0,0.618661,15.734038
normalized_final,grade>=1,RQ_RFB_041_01,high_order,cross_section,operating_conditions,5,high_order_arity_5_plus,retrievable,20,0,0 0 0 0 0,3 3 3 2 1,0.0,0.0,0.111111,0.0,16.595391
normalized_final,grade>=1,RQ_RFB_043_02,high_order,adjacent_chunks,performance_metrics,8,high_order_arity_5_plus,retrievable,20,2,2 2 2 1 2,3 2 2 2 2,1.0,1.0,1.0,0.621548,12.845377
normalized_final,grade>=1,RQ_RFB_045_02,simple,single_chunk,performance_metrics,4,high_order_arity_3_4,retrievable,20,0,0 3 0 1 1,3 3 1 1 1,0.0,1.0,0.5,0.411027,12.734038
normalized_final,grade>=1,RQ_RFB_046_02,compositional,single_chunk,cycling_stability,5,high_order_arity_5_plus,retrievable,20,1,1 1 1 2 1,3 3 2 2 1,1.0,1.0,1.0,0.261028,14.595391
normalized_final,grade>=1,RQ_RFB_047_02,compositional,single_chunk,performance_comparison,7,high_order_arity_5_plus,retrievable,20,2,2 3 0 0 0,3 2 2 1 1,1.0,1.0,1.0,0.661579,11.210319
normalized_final,grade>=1,RQ_RFB_048_02,compositional,single_chunk,performance_metrics,5,high_order_arity_5_plus,retrievable,20,0,0 0 0 0 0,3 2 1 1 1,0.0,0.0,0.142857,0.0,10.210319
normalized_final,grade>=1,RQ_RFB_050_02,compositional,cross_section,performance_metrics,5,high_order_arity_5_plus,retrievable,17,0,0 0 3 0 1,3 3 3 1 1,0.0,1.0,0.333333,0.247035,15.734038
normalized_final,grade>=1,RQ_RFB_051_01,high_order,cross_section,modeling_diagnostics,6,high_order_arity_5_plus,retrievable,20,2,2 3 0 3 0,3 3 3 3 2,1.0,1.0,1.0,0.546373,19.091803
normalized_final,grade>=1,RQ_RFB_052_02,compositional,single_chunk,performance_metrics,5,high_order_arity_5_plus,retrievable,20,1,1 3 1 1 3,3 3 3 3 1,1.0,1.0,1.0,0.494328,18.318097
normalized_final,grade>=1,RQ_RFB_055_02,high_order,cross_section,modeling_diagnostics,5,high_order_arity_5_plus,retrievable,20,0,0 0 0 2 1,3 3 3 2 1,0.0,1.0,0.25,0.101166,16.595391
normalized_final,grade>=1,RQ_RFB_056_02,high_order,adjacent_chunks,performance_metrics,6,high_order_arity_5_plus,retrievable,20,3,3 0 1 1 1,3 2 2 1 1,1.0,1.0,1.0,0.741953,11.210319
normalized_final,grade>=1,RQ_RFB_058_02,high_order,adjacent_chunks,operating_conditions,6,high_order_arity_5_plus,retrievable,20,3,3 3 1 1 2,3 3 3 2 2,1.0,1.0,1.0,0.777688,17.369096
normalized_final,grade>=1,RQ_RFB_059_02,compositional,single_chunk,performance_metrics,5,high_order_arity_5_plus,retrievable,12,1,1 0 1 1 2,3 3 3 3 2,1.0,1.0,1.0,0.161914,19.091803
normalized_final,grade>=1,RQ_RFB_060_02,compositional,single_chunk,performance_metrics,5,high_order_arity_5_plus,retrievable,20,0,0 3 1 3 1,3 3 1 1 0,0.0,1.0,0.5,0.673684,12.347185
normalized_final,grade>=1,UQ_001,compositional,none,life_cycle_assessment,,unknown,unanswerable,20,0,0 0 0 0 0,0 0 0 0 0,0.0,0.0,0.0,0.0,0.0
normalized_final,grade>=1,UQ_002,compositional,none,electrolyte_recycling,,unknown,unanswerable,20,0,0 0 0 0 0,0 0 0 0 0,0.0,0.0,0.0,0.0,0.0
normalized_final,grade>=1,UQ_003,compositional,none,environmental_robustness,,unknown,unanswerable,20,0,0 0 0 0 0,1 0 0 0 0,0.0,0.0,0.0,0.0,1.0
normalized_final,grade>=1,UQ_004,compositional,none,balance_of_plant_durability,,unknown,unanswerable,20,0,0 0 0 0 0,0 0 0 0 0,0.0,0.0,0.0,0.0,0.0
normalized_final,grade>=1,UQ_009,compositional,none,hydraulic_fault_effect,,unknown,unanswerable,20,0,0 0 0 0 0,0 0 0 0 0,0.0,0.0,0.0,0.0,0.0
normalized_final,grade>=1,UQ_010,compositional,none,operando_control,,unknown,unanswerable,20,0,0 0 0 0 0,1 0 0 0 0,0.0,0.0,0.071429,0.0,1.0
normalized_final,grade>=1,UQ_011,compositional,none,model_uncertainty,,unknown,unanswerable,20,1,1 1 0 0 1,1 1 1 1 1,1.0,1.0,1.0,0.684352,2.948459
normalized_final,grade>=1,UQ_012,compositional,none,manufacturing_sustainability,,unknown,unanswerable,20,0,0 1 0 0 0,1 0 0 0 0,0.0,1.0,0.5,0.63093,1.0
normalized_final,grade>=1,UQ_013,compositional,none,catalyst_recycling,,unknown,unanswerable,20,0,0 1 0 0 0,1 1 1 1 0,0.0,1.0,0.5,0.246302,2.561606
normalized_final,grade>=1,UQ_015,compositional,none,membrane_mechanical_fatigue,,unknown,unanswerable,20,0,0 0 0 0 0,0 0 0 0 0,0.0,0.0,0.0,0.0,0.0
normalized_final,grade>=1,UQ_016,compositional,none,operando_diagnostics,,unknown,unanswerable,20,0,0 0 0 1 1,2 1 1 1 1,0.0,1.0,0.25,0.165209,4.948459
normalized_final,grade>=1,UQ_018,compositional,none,contamination_failure,,unknown,unanswerable,20,0,0 0 0 0 0,1 0 0 0 0,0.0,0.0,0.0,0.0,1.0
normalized_final,grade>=1,UQ_019,compositional,none,environmental_safety,,unknown,unanswerable,20,0,0 0 0 0 0,1 0 0 0 0,0.0,0.0,0.0,0.0,1.0
normalized_final,grade>=2,RQ_RFB_002_01,compositional,adjacent_chunks,performance_comparison,5,high_order_arity_5_plus,retrievable,13,2,2 2 1 3 2,3 2 2 2 2,1.0,1.0,1.0,0.744866,12.845377
normalized_final,grade>=2,RQ_RFB_003_02,compositional,single_chunk,operating_conditions,6,high_order_arity_5_plus,retrievable,20,3,3 3 3 1 0,3 3 3 1 1,1.0,1.0,1.0,0.975413,15.734038
normalized_final,grade>=2,RQ_RFB_005_02,compositional,adjacent_chunks,cycling_stability,5,high_order_arity_5_plus,retrievable,20,2,2 0 0 1 1,3 2 2 2 2,1.0,1.0,1.0,0.297191,12.845377
normalized_final,grade>=2,RQ_RFB_006_02,compositional,single_chunk,performance_comparison,5,high_order_arity_5_plus,retrievable,18,3,3 1 1 2 1,3 2 1 1 1,1.0,1.0,1.0,0.960774,10.210319
normalized_final,grade>=2,RQ_RFB_007_02,simple,single_chunk,operating_conditions,4,high_order_arity_3_4,retrievable,20,3,3 1 1 0 2,3 3 2 1 1,1.0,1.0,1.0,0.67653,13.734038
normalized_final,grade>=2,RQ_RFB_008_01,high_order,cross_section,mechanism,4,high_order_arity_3_4,retrievable,20,3,3 0 3 3 3,3 3 3 3 2,1.0,1.0,1.0,0.849721,19.091803
normalized_final,grade>=2,RQ_RFB_010_02,high_order,cross_section,performance_comparison,5,high_order_arity_5_plus,retrievable,20,0,0 1 3 0 3,3 3 3 1 1,0.0,1.0,0.333333,0.434656,15.734038
normalized_final,grade>=2,RQ_RFB_011_01,high_order,cross_section,system_architecture,4,high_order_arity_3_4,retrievable,20,0,0 1 1 1 0,3 3 3 1 1,0.0,0.0,0.125,0.09925,15.734038
normalized_final,grade>=2,RQ_RFB_012_02,simple,single_chunk,modeling_diagnostics,4,high_order_arity_3_4,retrievable,20,3,3 1 3 3 3,3 3 3 3 3,1.0,1.0,1.0,0.816583,20.639214
normalized_final,grade>=2,RQ_RFB_013_02,simple,single_chunk,system_architecture,4,high_order_arity_3_4,retrievable,20,1,1 2 1 1 3,3 3 2 1 1,0.0,1.0,0.5,0.475566,13.734038
normalized_final,grade>=2,RQ_RFB_014_01,high_order,cross_section,material_design,5,high_order_arity_5_plus,retrievable,20,0,0 0 1 0 2,3 3 3 2 2,0.0,1.0,0.2,0.095604,17.369096
normalized_final,grade>=2,RQ_RFB_015_02,compositional,single_chunk,cycling_stability,6,high_order_arity_5_plus,retrievable,20,0,0 0 0 0 3,3 3 3 3 2,0.0,1.0,0.2,0.141839,19.091803
normalized_final,grade>=2,RQ_RFB_016_02,simple,single_chunk,performance_comparison,4,high_order_arity_3_4,retrievable,20,2,2 1 1 0 3,3 3 3 2 1,1.0,1.0,1.0,0.412096,16.595391
normalized_final,grade>=2,RQ_RFB_019_01,compositional,single_chunk,performance_comparison,6,high_order_arity_5_plus,retrievable,17,3,3 2 2 0 1,3 2 2 2 1,1.0,1.0,1.0,0.89297,12.071672
normalized_final,grade>=2,RQ_RFB_020_02,compositional,single_chunk,operating_conditions,5,high_order_arity_5_plus,retrievable,14,1,1 1 1 1 3,3 3 3 3 2,0.0,1.0,0.2,0.276012,19.091803
normalized_final,grade>=2,RQ_RFB_021_01,compositional,single_chunk,mechanism,5,high_order_arity_5_plus,retrievable,15,1,1 3 0 2 3,3 3 3 3 2,0.0,1.0,0.5,0.493223,19.091803
normalized_final,grade>=2,RQ_RFB_022_02,compositional,adjacent_chunks,cycling_stability,4,high_order_arity_3_4,retrievable,20,0,0 0 0 0 0,3 3 2 2 1,0.0,0.0,0.1,0.0,14.595391
normalized_final,grade>=2,RQ_RFB_023_01,high_order,cross_section,operating_conditions,6,high_order_arity_5_plus,retrievable,20,2,2 3 3 0 2,3 3 3 2 2,1.0,1.0,1.0,0.695319,17.369096
normalized_final,grade>=2,RQ_RFB_024_02,compositional,single_chunk,cycling_stability,5,high_order_arity_5_plus,retrievable,20,0,0 3 1 0 2,3 2 2 2 2,0.0,1.0,0.5,0.473094,12.845377
normalized_final,grade>=2,RQ_RFB_025_01,compositional,single_chunk,operating_conditions,5,high_order_arity_5_plus,retrievable,18,3,3 0 3 3 1,3 3 3 3 2,1.0,1.0,1.0,0.728144,19.091803
normalized_final,grade>=2,RQ_RFB_026_01,compositional,single_chunk,operating_conditions,5,high_order_arity_5_plus,retrievable,20,1,1 0 1 0 3,3 3 3 2 2,0.0,1.0,0.2,0.242268,17.369096
normalized_final,grade>=2,RQ_RFB_029_02,compositional,single_chunk,performance_metrics,8,high_order_arity_5_plus,retrievable,10,1,1 1 3 1 2,3 3 3 2 2,0.0,1.0,0.333333,0.387019,17.369096
normalized_final,grade>=2,RQ_RFB_031_02,simple,single_chunk,performance_metrics,4,high_order_arity_3_4,retrievable,20,0,0 0 0 0 0,3 3 2 2 2,0.0,0.0,0.111111,0.0,15.369096
normalized_final,grade>=2,RQ_RFB_032_02,simple,single_chunk,cycling_stability,4,high_order_arity_3_4,retrievable,20,3,3 1 1 1 1,3 3 3 1 1,1.0,1.0,1.0,0.568733,15.734038
normalized_final,grade>=2,RQ_RFB_033_02,high_order,adjacent_chunks,performance_metrics,6,high_order_arity_5_plus,retrievable,20,2,2 3 1 3 3,3 3 3 2 2,1.0,1.0,1.0,0.785258,17.369096
normalized_final,grade>=2,RQ_RFB_034_01,high_order,cross_section,mechanism,6,high_order_arity_5_plus,retrievable,20,0,0 2 2 3 0,3 3 2 2 2,0.0,1.0,0.5,0.41691,15.369096
normalized_final,grade>=2,RQ_RFB_035_02,simple,single_chunk,performance_comparison,3,high_order_arity_3_4,retrievable,16,0,0 3 3 0 0,3 3 3 1 1,0.0,1.0,0.5,0.503145,15.734038
normalized_final,grade>=2,RQ_RFB_036_02,high_order,adjacent_chunks,performance_comparison,6,high_order_arity_5_plus,retrievable,17,3,3 1 1 1 1,3 3 3 2 1,1.0,1.0,1.0,0.539214,16.595391
normalized_final,grade>=2,RQ_RFB_037_02,compositional,single_chunk,cycling_stability,5,high_order_arity_5_plus,retrievable,14,0,0 3 1 2 1,3 3 3 2 1,0.0,1.0,0.5,0.397423,16.595391
normalized_final,grade>=2,RQ_RFB_038_02,compositional,single_chunk,performance_comparison,6,high_order_arity_5_plus,retrievable,20,0,0 0 1 0 0,3 3 1 1 1,0.0,0.0,0.076923,0.039265,12.734038
normalized_final,grade>=2,RQ_RFB_040_02,compositional,single_chunk,operating_conditions,5,high_order_arity_5_plus,retrievable,20,1,1 3 3 1 1,3 3 3 1 1,0.0,1.0,0.5,0.618661,15.734038
normalized_final,grade>=2,RQ_RFB_041_01,high_order,cross_section,operating_conditions,5,high_order_arity_5_plus,retrievable,20,0,0 0 0 0 0,3 3 3 2 1,0.0,0.0,0.111111,0.0,16.595391
normalized_final,grade>=2,RQ_RFB_043_02,high_order,adjacent_chunks,performance_metrics,8,high_order_arity_5_plus,retrievable,20,2,2 2 2 1 2,3 2 2 2 2,1.0,1.0,1.0,0.621548,12.845377
normalized_final,grade>=2,RQ_RFB_045_02,simple,single_chunk,performance_metrics,4,high_order_arity_3_4,retrievable,20,0,0 3 0 1 1,3 3 1 1 1,0.0,1.0,0.5,0.411027,12.734038
normalized_final,grade>=2,RQ_RFB_046_02,compositional,single_chunk,cycling_stability,5,high_order_arity_5_plus,retrievable,20,1,1 1 1 2 1,3 3 2 2 1,0.0,1.0,0.25,0.261028,14.595391
normalized_final,grade>=2,RQ_RFB_047_02,compositional,single_chunk,performance_comparison,7,high_order_arity_5_plus,retrievable,20,2,2 3 0 0 0,3 2 2 1 1,1.0,1.0,1.0,0.661579,11.210319
normalized_final,grade>=2,RQ_RFB_048_02,compositional,single_chunk,performance_metrics,5,high_order_arity_5_plus,retrievable,20,0,0 0 0 0 0,3 2 1 1 1,0.0,0.0,0.142857,0.0,10.210319
normalized_final,grade>=2,RQ_RFB_050_02,compositional,cross_section,performance_metrics,5,high_order_arity_5_plus,retrievable,17,0,0 0 3 0 1,3 3 3 1 1,0.0,1.0,0.333333,0.247035,15.734038
normalized_final,grade>=2,RQ_RFB_051_01,high_order,cross_section,modeling_diagnostics,6,high_order_arity_5_plus,retrievable,20,2,2 3 0 3 0,3 3 3 3 2,1.0,1.0,1.0,0.546373,19.091803
normalized_final,grade>=2,RQ_RFB_052_02,compositional,single_chunk,performance_metrics,5,high_order_arity_5_plus,retrievable,20,1,1 3 1 1 3,3 3 3 3 1,0.0,1.0,0.5,0.494328,18.318097
normalized_final,grade>=2,RQ_RFB_055_02,high_order,cross_section,modeling_diagnostics,5,high_order_arity_5_plus,retrievable,20,0,0 0 0 2 1,3 3 3 2 1,0.0,1.0,0.25,0.101166,16.595391
normalized_final,grade>=2,RQ_RFB_056_02,high_order,adjacent_chunks,performance_metrics,6,high_order_arity_5_plus,retrievable,20,3,3 0 1 1 1,3 2 2 1 1,1.0,1.0,1.0,0.741953,11.210319
normalized_final,grade>=2,RQ_RFB_058_02,high_order,adjacent_chunks,operating_conditions,6,high_order_arity_5_plus,retrievable,20,3,3 3 1 1 2,3 3 3 2 2,1.0,1.0,1.0,0.777688,17.369096
normalized_final,grade>=2,RQ_RFB_059_02,compositional,single_chunk,performance_metrics,5,high_order_arity_5_plus,retrievable,12,1,1 0 1 1 2,3 3 3 3 2,0.0,1.0,0.2,0.161914,19.091803
normalized_final,grade>=2,RQ_RFB_060_02,compositional,single_chunk,performance_metrics,5,high_order_arity_5_plus,retrievable,20,0,0 3 1 3 1,3 3 1 1 0,0.0,1.0,0.5,0.673684,12.347185
normalized_final,grade>=2,UQ_001,compositional,none,life_cycle_assessment,,unknown,unanswerable,20,0,0 0 0 0 0,0 0 0 0 0,0.0,0.0,0.0,0.0,0.0
normalized_final,grade>=2,UQ_002,compositional,none,electrolyte_recycling,,unknown,unanswerable,20,0,0 0 0 0 0,0 0 0 0 0,0.0,0.0,0.0,0.0,0.0
normalized_final,grade>=2,UQ_003,compositional,none,environmental_robustness,,unknown,unanswerable,20,0,0 0 0 0 0,1 0 0 0 0,0.0,0.0,0.0,0.0,1.0
normalized_final,grade>=2,UQ_004,compositional,none,balance_of_plant_durability,,unknown,unanswerable,20,0,0 0 0 0 0,0 0 0 0 0,0.0,0.0,0.0,0.0,0.0
normalized_final,grade>=2,UQ_009,compositional,none,hydraulic_fault_effect,,unknown,unanswerable,20,0,0 0 0 0 0,0 0 0 0 0,0.0,0.0,0.0,0.0,0.0
normalized_final,grade>=2,UQ_010,compositional,none,operando_control,,unknown,unanswerable,20,0,0 0 0 0 0,1 0 0 0 0,0.0,0.0,0.0,0.0,1.0
normalized_final,grade>=2,UQ_011,compositional,none,model_uncertainty,,unknown,unanswerable,20,1,1 1 0 0 1,1 1 1 1 1,0.0,0.0,0.0,0.684352,2.948459
normalized_final,grade>=2,UQ_012,compositional,none,manufacturing_sustainability,,unknown,unanswerable,20,0,0 1 0 0 0,1 0 0 0 0,0.0,0.0,0.0,0.63093,1.0
normalized_final,grade>=2,UQ_013,compositional,none,catalyst_recycling,,unknown,unanswerable,20,0,0 1 0 0 0,1 1 1 1 0,0.0,0.0,0.0,0.246302,2.561606
normalized_final,grade>=2,UQ_015,compositional,none,membrane_mechanical_fatigue,,unknown,unanswerable,20,0,0 0 0 0 0,0 0 0 0 0,0.0,0.0,0.0,0.0,0.0
normalized_final,grade>=2,UQ_016,compositional,none,operando_diagnostics,,unknown,unanswerable,20,0,0 0 0 1 1,2 1 1 1 1,0.0,0.0,0.0,0.165209,4.948459
normalized_final,grade>=2,UQ_018,compositional,none,contamination_failure,,unknown,unanswerable,20,0,0 0 0 0 0,1 0 0 0 0,0.0,0.0,0.0,0.0,1.0
normalized_final,grade>=2,UQ_019,compositional,none,environmental_safety,,unknown,unanswerable,20,0,0 0 0 0 0,1 0 0 0 0,0.0,0.0,0.0,0.0,1.0
normalized_final,grade>=3,RQ_RFB_002_01,compositional,adjacent_chunks,performance_comparison,5,high_order_arity_5_plus,retrievable,13,2,2 2 1 3 2,3 2 2 2 2,0.0,1.0,0.25,0.744866,12.845377
normalized_final,grade>=3,RQ_RFB_003_02,compositional,single_chunk,operating_conditions,6,high_order_arity_5_plus,retrievable,20,3,3 3 3 1 0,3 3 3 1 1,1.0,1.0,1.0,0.975413,15.734038
normalized_final,grade>=3,RQ_RFB_005_02,compositional,adjacent_chunks,cycling_stability,5,high_order_arity_5_plus,retrievable,20,2,2 0 0 1 1,3 2 2 2 2,0.0,0.0,0.090909,0.297191,12.845377
normalized_final,grade>=3,RQ_RFB_006_02,compositional,single_chunk,performance_comparison,5,high_order_arity_5_plus,retrievable,18,3,3 1 1 2 1,3 2 1 1 1,1.0,1.0,1.0,0.960774,10.210319
normalized_final,grade>=3,RQ_RFB_007_02,simple,single_chunk,operating_conditions,4,high_order_arity_3_4,retrievable,20,3,3 1 1 0 2,3 3 2 1 1,1.0,1.0,1.0,0.67653,13.734038
normalized_final,grade>=3,RQ_RFB_008_01,high_order,cross_section,mechanism,4,high_order_arity_3_4,retrievable,20,3,3 0 3 3 3,3 3 3 3 2,1.0,1.0,1.0,0.849721,19.091803
normalized_final,grade>=3,RQ_RFB_010_02,high_order,cross_section,performance_comparison,5,high_order_arity_5_plus,retrievable,20,0,0 1 3 0 3,3 3 3 1 1,0.0,1.0,0.333333,0.434656,15.734038
normalized_final,grade>=3,RQ_RFB_011_01,high_order,cross_section,system_architecture,4,high_order_arity_3_4,retrievable,20,0,0 1 1 1 0,3 3 3 1 1,0.0,0.0,0.125,0.09925,15.734038
normalized_final,grade>=3,RQ_RFB_012_02,simple,single_chunk,modeling_diagnostics,4,high_order_arity_3_4,retrievable,20,3,3 1 3 3 3,3 3 3 3 3,1.0,1.0,1.0,0.816583,20.639214
normalized_final,grade>=3,RQ_RFB_013_02,simple,single_chunk,system_architecture,4,high_order_arity_3_4,retrievable,20,1,1 2 1 1 3,3 3 2 1 1,0.0,1.0,0.2,0.475566,13.734038
normalized_final,grade>=3,RQ_RFB_014_01,high_order,cross_section,material_design,5,high_order_arity_5_plus,retrievable,20,0,0 0 1 0 2,3 3 3 2 2,0.0,0.0,0.166667,0.095604,17.369096
normalized_final,grade>=3,RQ_RFB_015_02,compositional,single_chunk,cycling_stability,6,high_order_arity_5_plus,retrievable,20,0,0 0 0 0 3,3 3 3 3 2,0.0,1.0,0.2,0.141839,19.091803
normalized_final,grade>=3,RQ_RFB_016_02,simple,single_chunk,performance_comparison,4,high_order_arity_3_4,retrievable,20,2,2 1 1 0 3,3 3 3 2 1,0.0,1.0,0.2,0.412096,16.595391
normalized_final,grade>=3,RQ_RFB_019_01,compositional,single_chunk,performance_comparison,6,high_order_arity_5_plus,retrievable,17,3,3 2 2 0 1,3 2 2 2 1,1.0,1.0,1.0,0.89297,12.071672
normalized_final,grade>=3,RQ_RFB_020_02,compositional,single_chunk,operating_conditions,5,high_order_arity_5_plus,retrievable,14,1,1 1 1 1 3,3 3 3 3 2,0.0,1.0,0.2,0.276012,19.091803
normalized_final,grade>=3,RQ_RFB_021_01,compositional,single_chunk,mechanism,5,high_order_arity_5_plus,retrievable,15,1,1 3 0 2 3,3 3 3 3 2,0.0,1.0,0.5,0.493223,19.091803
normalized_final,grade>=3,RQ_RFB_022_02,compositional,adjacent_chunks,cycling_stability,4,high_order_arity_3_4,retrievable,20,0,0 0 0 0 0,3 3 2 2 1,0.0,0.0,0.1,0.0,14.595391
normalized_final,grade>=3,RQ_RFB_023_01,high_order,cross_section,operating_conditions,6,high_order_arity_5_plus,retrievable,20,2,2 3 3 0 2,3 3 3 2 2,0.0,1.0,0.5,0.695319,17.369096
normalized_final,grade>=3,RQ_RFB_024_02,compositional,single_chunk,cycling_stability,5,high_order_arity_5_plus,retrievable,20,0,0 3 1 0 2,3 2 2 2 2,0.0,1.0,0.5,0.473094,12.845377
normalized_final,grade>=3,RQ_RFB_025_01,compositional,single_chunk,operating_conditions,5,high_order_arity_5_plus,retrievable,18,3,3 0 3 3 1,3 3 3 3 2,1.0,1.0,1.0,0.728144,19.091803
normalized_final,grade>=3,RQ_RFB_026_01,compositional,single_chunk,operating_conditions,5,high_order_arity_5_plus,retrievable,20,1,1 0 1 0 3,3 3 3 2 2,0.0,1.0,0.2,0.242268,17.369096
normalized_final,grade>=3,RQ_RFB_029_02,compositional,single_chunk,performance_metrics,8,high_order_arity_5_plus,retrievable,10,1,1 1 3 1 2,3 3 3 2 2,0.0,1.0,0.333333,0.387019,17.369096
normalized_final,grade>=3,RQ_RFB_031_02,simple,single_chunk,performance_metrics,4,high_order_arity_3_4,retrievable,20,0,0 0 0 0 0,3 3 2 2 2,0.0,0.0,0.111111,0.0,15.369096
normalized_final,grade>=3,RQ_RFB_032_02,simple,single_chunk,cycling_stability,4,high_order_arity_3_4,retrievable,20,3,3 1 1 1 1,3 3 3 1 1,1.0,1.0,1.0,0.568733,15.734038
normalized_final,grade>=3,RQ_RFB_033_02,high_order,adjacent_chunks,performance_metrics,6,high_order_arity_5_plus,retrievable,20,2,2 3 1 3 3,3 3 3 2 2,0.0,1.0,0.5,0.785258,17.369096
normalized_final,grade>=3,RQ_RFB_034_01,high_order,cross_section,mechanism,6,high_order_arity_5_plus,retrievable,20,0,0 2 2 3 0,3 3 2 2 2,0.0,1.0,0.25,0.41691,15.369096
normalized_final,grade>=3,RQ_RFB_035_02,simple,single_chunk,performance_comparison,3,high_order_arity_3_4,retrievable,16,0,0 3 3 0 0,3 3 3 1 1,0.0,1.0,0.5,0.503145,15.734038
normalized_final,grade>=3,RQ_RFB_036_02,high_order,adjacent_chunks,performance_comparison,6,high_order_arity_5_plus,retrievable,17,3,3 1 1 1 1,3 3 3 2 1,1.0,1.0,1.0,0.539214,16.595391
normalized_final,grade>=3,RQ_RFB_037_02,compositional,single_chunk,cycling_stability,5,high_order_arity_5_plus,retrievable,14,0,0 3 1 2 1,3 3 3 2 1,0.0,1.0,0.5,0.397423,16.595391
normalized_final,grade>=3,RQ_RFB_038_02,compositional,single_chunk,performance_comparison,6,high_order_arity_5_plus,retrievable,20,0,0 0 1 0 0,3 3 1 1 1,0.0,0.0,0.076923,0.039265,12.734038
normalized_final,grade>=3,RQ_RFB_040_02,compositional,single_chunk,operating_conditions,5,high_order_arity_5_plus,retrievable,20,1,1 3 3 1 1,3 3 3 1 1,0.0,1.0,0.5,0.618661,15.734038
normalized_final,grade>=3,RQ_RFB_041_01,high_order,cross_section,operating_conditions,5,high_order_arity_5_plus,retrievable,20,0,0 0 0 0 0,3 3 3 2 1,0.0,0.0,0.111111,0.0,16.595391
normalized_final,grade>=3,RQ_RFB_043_02,high_order,adjacent_chunks,performance_metrics,8,high_order_arity_5_plus,retrievable,20,2,2 2 2 1 2,3 2 2 2 2,0.0,0.0,0.111111,0.621548,12.845377
normalized_final,grade>=3,RQ_RFB_045_02,simple,single_chunk,performance_metrics,4,high_order_arity_3_4,retrievable,20,0,0 3 0 1 1,3 3 1 1 1,0.0,1.0,0.5,0.411027,12.734038
normalized_final,grade>=3,RQ_RFB_046_02,compositional,single_chunk,cycling_stability,5,high_order_arity_5_plus,retrievable,20,1,1 1 1 2 1,3 3 2 2 1,0.0,0.0,0.142857,0.261028,14.595391
normalized_final,grade>=3,RQ_RFB_047_02,compositional,single_chunk,performance_comparison,7,high_order_arity_5_plus,retrievable,20,2,2 3 0 0 0,3 2 2 1 1,0.0,1.0,0.5,0.661579,11.210319
normalized_final,grade>=3,RQ_RFB_048_02,compositional,single_chunk,performance_metrics,5,high_order_arity_5_plus,retrievable,20,0,0 0 0 0 0,3 2 1 1 1,0.0,0.0,0.142857,0.0,10.210319
normalized_final,grade>=3,RQ_RFB_050_02,compositional,cross_section,performance_metrics,5,high_order_arity_5_plus,retrievable,17,0,0 0 3 0 1,3 3 3 1 1,0.0,1.0,0.333333,0.247035,15.734038
normalized_final,grade>=3,RQ_RFB_051_01,high_order,cross_section,modeling_diagnostics,6,high_order_arity_5_plus,retrievable,20,2,2 3 0 3 0,3 3 3 3 2,0.0,1.0,0.5,0.546373,19.091803
normalized_final,grade>=3,RQ_RFB_052_02,compositional,single_chunk,performance_metrics,5,high_order_arity_5_plus,retrievable,20,1,1 3 1 1 3,3 3 3 3 1,0.0,1.0,0.5,0.494328,18.318097
normalized_final,grade>=3,RQ_RFB_055_02,high_order,cross_section,modeling_diagnostics,5,high_order_arity_5_plus,retrievable,20,0,0 0 0 2 1,3 3 3 2 1,0.0,0.0,0.125,0.101166,16.595391
normalized_final,grade>=3,RQ_RFB_056_02,high_order,adjacent_chunks,performance_metrics,6,high_order_arity_5_plus,retrievable,20,3,3 0 1 1 1,3 2 2 1 1,1.0,1.0,1.0,0.741953,11.210319
normalized_final,grade>=3,RQ_RFB_058_02,high_order,adjacent_chunks,operating_conditions,6,high_order_arity_5_plus,retrievable,20,3,3 3 1 1 2,3 3 3 2 2,1.0,1.0,1.0,0.777688,17.369096
normalized_final,grade>=3,RQ_RFB_059_02,compositional,single_chunk,performance_metrics,5,high_order_arity_5_plus,retrievable,12,1,1 0 1 1 2,3 3 3 3 2,0.0,0.0,0.166667,0.161914,19.091803
normalized_final,grade>=3,RQ_RFB_060_02,compositional,single_chunk,performance_metrics,5,high_order_arity_5_plus,retrievable,20,0,0 3 1 3 1,3 3 1 1 0,0.0,1.0,0.5,0.673684,12.347185
normalized_final,grade>=3,UQ_001,compositional,none,life_cycle_assessment,,unknown,unanswerable,20,0,0 0 0 0 0,0 0 0 0 0,0.0,0.0,0.0,0.0,0.0
normalized_final,grade>=3,UQ_002,compositional,none,electrolyte_recycling,,unknown,unanswerable,20,0,0 0 0 0 0,0 0 0 0 0,0.0,0.0,0.0,0.0,0.0
normalized_final,grade>=3,UQ_003,compositional,none,environmental_robustness,,unknown,unanswerable,20,0,0 0 0 0 0,1 0 0 0 0,0.0,0.0,0.0,0.0,1.0
normalized_final,grade>=3,UQ_004,compositional,none,balance_of_plant_durability,,unknown,unanswerable,20,0,0 0 0 0 0,0 0 0 0 0,0.0,0.0,0.0,0.0,0.0
normalized_final,grade>=3,UQ_009,compositional,none,hydraulic_fault_effect,,unknown,unanswerable,20,0,0 0 0 0 0,0 0 0 0 0,0.0,0.0,0.0,0.0,0.0
normalized_final,grade>=3,UQ_010,compositional,none,operando_control,,unknown,unanswerable,20,0,0 0 0 0 0,1 0 0 0 0,0.0,0.0,0.0,0.0,1.0
normalized_final,grade>=3,UQ_011,compositional,none,model_uncertainty,,unknown,unanswerable,20,1,1 1 0 0 1,1 1 1 1 1,0.0,0.0,0.0,0.684352,2.948459
normalized_final,grade>=3,UQ_012,compositional,none,manufacturing_sustainability,,unknown,unanswerable,20,0,0 1 0 0 0,1 0 0 0 0,0.0,0.0,0.0,0.63093,1.0
normalized_final,grade>=3,UQ_013,compositional,none,catalyst_recycling,,unknown,unanswerable,20,0,0 1 0 0 0,1 1 1 1 0,0.0,0.0,0.0,0.246302,2.561606
normalized_final,grade>=3,UQ_015,compositional,none,membrane_mechanical_fatigue,,unknown,unanswerable,20,0,0 0 0 0 0,0 0 0 0 0,0.0,0.0,0.0,0.0,0.0
normalized_final,grade>=3,UQ_016,compositional,none,operando_diagnostics,,unknown,unanswerable,20,0,0 0 0 1 1,2 1 1 1 1,0.0,0.0,0.0,0.165209,4.948459
normalized_final,grade>=3,UQ_018,compositional,none,contamination_failure,,unknown,unanswerable,20,0,0 0 0 0 0,1 0 0 0 0,0.0,0.0,0.0,0.0,1.0
normalized_final,grade>=3,UQ_019,compositional,none,environmental_safety,,unknown,unanswerable,20,0,0 0 0 0 0,1 0 0 0 0,0.0,0.0,0.0,0.0,1.0
normalized_final_no_rerank,grade>=1,RQ_RFB_002_01,compositional,adjacent_chunks,performance_comparison,5,high_order_arity_5_plus,retrievable,13,2,2 2 1 3 2,3 2 2 2 2,1.0,1.0,1.0,0.744866,12.845377
normalized_final_no_rerank,grade>=1,RQ_RFB_003_02,compositional,single_chunk,operating_conditions,6,high_order_arity_5_plus,retrievable,20,3,3 3 3 1 0,3 3 3 1 1,1.0,1.0,1.0,0.975413,15.734038
normalized_final_no_rerank,grade>=1,RQ_RFB_005_02,compositional,adjacent_chunks,cycling_stability,5,high_order_arity_5_plus,retrievable,20,2,2 0 0 1 1,3 2 2 2 2,1.0,1.0,1.0,0.297191,12.845377
normalized_final_no_rerank,grade>=1,RQ_RFB_006_02,compositional,single_chunk,performance_comparison,5,high_order_arity_5_plus,retrievable,18,3,3 1 1 2 1,3 2 1 1 1,1.0,1.0,1.0,0.960774,10.210319
normalized_final_no_rerank,grade>=1,RQ_RFB_007_02,simple,single_chunk,operating_conditions,4,high_order_arity_3_4,retrievable,20,3,3 1 1 0 2,3 3 2 1 1,1.0,1.0,1.0,0.67653,13.734038
normalized_final_no_rerank,grade>=1,RQ_RFB_008_01,high_order,cross_section,mechanism,4,high_order_arity_3_4,retrievable,20,3,3 0 3 3 3,3 3 3 3 2,1.0,1.0,1.0,0.849721,19.091803
normalized_final_no_rerank,grade>=1,RQ_RFB_010_02,high_order,cross_section,performance_comparison,5,high_order_arity_5_plus,retrievable,20,0,0 1 3 0 3,3 3 3 1 1,0.0,1.0,0.5,0.434656,15.734038
normalized_final_no_rerank,grade>=1,RQ_RFB_011_01,high_order,cross_section,system_architecture,4,high_order_arity_3_4,retrievable,20,0,0 1 1 1 0,3 3 3 1 1,0.0,1.0,0.5,0.09925,15.734038
normalized_final_no_rerank,grade>=1,RQ_RFB_012_02,simple,single_chunk,modeling_diagnostics,4,high_order_arity_3_4,retrievable,20,3,3 1 3 3 3,3 3 3 3 3,1.0,1.0,1.0,0.816583,20.639214
normalized_final_no_rerank,grade>=1,RQ_RFB_013_02,simple,single_chunk,system_architecture,4,high_order_arity_3_4,retrievable,20,2,2 1 1 1 3,3 3 2 1 1,1.0,1.0,1.0,0.529311,13.734038
normalized_final_no_rerank,grade>=1,RQ_RFB_014_01,high_order,cross_section,material_design,5,high_order_arity_5_plus,retrievable,20,0,0 0 1 2 0,3 3 3 2 2,0.0,1.0,0.333333,0.103173,17.369096
normalized_final_no_rerank,grade>=1,RQ_RFB_015_02,compositional,single_chunk,cycling_stability,6,high_order_arity_5_plus,retrievable,20,0,0 0 0 0 3,3 3 3 3 2,0.0,1.0,0.2,0.141839,19.091803
normalized_final_no_rerank,grade>=1,RQ_RFB_016_02,simple,single_chunk,performance_comparison,4,high_order_arity_3_4,retrievable,20,2,2 1 1 0 3,3 3 3 2 1,1.0,1.0,1.0,0.412096,16.595391
normalized_final_no_rerank,grade>=1,RQ_RFB_019_01,compositional,single_chunk,performance_comparison,6,high_order_arity_5_plus,retrievable,17,3,3 2 2 1 0,3 2 2 2 1,1.0,1.0,1.0,0.8966,12.071672
normalized_final_no_rerank,grade>=1,RQ_RFB_020_02,compositional,single_chunk,operating_conditions,5,high_order_arity_5_plus,retrievable,14,1,1 1 1 1 3,3 3 3 3 2,1.0,1.0,1.0,0.276012,19.091803
normalized_final_no_rerank,grade>=1,RQ_RFB_021_01,compositional,single_chunk,mechanism,5,high_order_arity_5_plus,retrievable,15,1,1 3 0 2 3,3 3 3 3 2,1.0,1.0,1.0,0.493223,19.091803
normalized_final_no_rerank,grade>=1,RQ_RFB_022_02,compositional,adjacent_chunks,cycling_stability,4,high_order_arity_3_4,retrievable,20,0,0 0 0 0 0,3 3 2 2 1,0.0,0.0,0.1,0.0,14.595391
normalized_final_no_rerank,grade>=1,RQ_RFB_023_01,high_order,cross_section,operating_conditions,6,high_order_arity_5_plus,retrievable,20,2,2 3 3 0 2,3 3 3 2 2,1.0,1.0,1.0,0.695319,17.369096
normalized_final_no_rerank,grade>=1,RQ_RFB_024_02,compositional,single_chunk,cycling_stability,5,high_order_arity_5_plus,retrievable,20,0,0 3 1 0 2,3 2 2 2 2,0.0,1.0,0.5,0.473094,12.845377
normalized_final_no_rerank,grade>=1,RQ_RFB_025_01,compositional,single_chunk,operating_conditions,5,high_order_arity_5_plus,retrievable,18,3,3 0 3 3 1,3 3 3 3 2,1.0,1.0,1.0,0.728144,19.091803
normalized_final_no_rerank,grade>=1,RQ_RFB_026_01,compositional,single_chunk,operating_conditions,5,high_order_arity_5_plus,retrievable,20,1,1 0 1 0 0,3 3 3 2 2,1.0,1.0,1.0,0.08636,17.369096
normalized_final_no_rerank,grade>=1,RQ_RFB_029_02,compositional,single_chunk,performance_metrics,8,high_order_arity_5_plus,retrievable,10,1,1 1 3 1 2,3 3 3 2 2,1.0,1.0,1.0,0.387019,17.369096
normalized_final_no_rerank,grade>=1,RQ_RFB_031_02,simple,single_chunk,performance_metrics,4,high_order_arity_3_4,retrievable,20,0,0 0 0 0 0,3 3 2 2 2,0.0,0.0,0.125,0.0,15.369096
normalized_final_no_rerank,grade>=1,RQ_RFB_032_02,simple,single_chunk,cycling_stability,4,high_order_arity_3_4,retrievable,20,1,1 3 1 1 1,3 3 3 1 1,1.0,1.0,1.0,0.427992,15.734038
normalized_final_no_rerank,grade>=1,RQ_RFB_033_02,high_order,adjacent_chunks,performance_metrics,6,high_order_arity_5_plus,retrievable,20,2,2 3 1 3 3,3 3 3 2 2,1.0,1.0,1.0,0.785258,17.369096
normalized_final_no_rerank,grade>=1,RQ_RFB_034_01,high_order,cross_section,mechanism,6,high_order_arity_5_plus,retrievable,20,0,0 2 2 3 0,3 3 2 2 2,0.0,1.0,0.5,0.41691,15.369096
normalized_final_no_rerank,grade>=1,RQ_RFB_035_02,simple,single_chunk,performance_comparison,3,high_order_arity_3_4,retrievable,16,0,0 3 3 0 0,3 3 3 1 1,0.0,1.0,0.5,0.503145,15.734038
normalized_final_no_rerank,grade>=1,RQ_RFB_036_02,high_order,adjacent_chunks,performance_comparison,6,high_order_arity_5_plus,retrievable,17,3,3 1 1 1 1,3 3 3 2 1,1.0,1.0,1.0,0.539214,16.595391
normalized_final_no_rerank,grade>=1,RQ_RFB_037_02,compositional,single_chunk,cycling_stability,5,high_order_arity_5_plus,retrievable,14,0,0 3 1 2 1,3 3 3 2 1,0.0,1.0,0.5,0.397423,16.595391
normalized_final_no_rerank,grade>=1,RQ_RFB_038_02,compositional,single_chunk,performance_comparison,6,high_order_arity_5_plus,retrievable,20,0,0 0 1 0 0,3 3 1 1 1,0.0,1.0,0.333333,0.039265,12.734038
normalized_final_no_rerank,grade>=1,RQ_RFB_040_02,compositional,single_chunk,operating_conditions,5,high_order_arity_5_plus,retrievable,20,1,1 3 3 1 1,3 3 3 1 1,1.0,1.0,1.0,0.618661,15.734038
normalized_final_no_rerank,grade>=1,RQ_RFB_041_01,high_order,cross_section,operating_conditions,5,high_order_arity_5_plus,retrievable,20,0,0 0 0 0 0,3 3 3 2 1,0.0,0.0,0.125,0.0,16.595391
normalized_final_no_rerank,grade>=1,RQ_RFB_043_02,high_order,adjacent_chunks,performance_metrics,8,high_order_arity_5_plus,retrievable,20,2,2 2 2 1 2,3 2 2 2 2,1.0,1.0,1.0,0.621548,12.845377
normalized_final_no_rerank,grade>=1,RQ_RFB_045_02,simple,single_chunk,performance_metrics,4,high_order_arity_3_4,retrievable,20,0,0 3 0 1 1,3 3 1 1 1,0.0,1.0,0.5,0.411027,12.734038
normalized_final_no_rerank,grade>=1,RQ_RFB_046_02,compositional,single_chunk,cycling_stability,5,high_order_arity_5_plus,retrievable,20,1,1 1 1 1 2,3 3 2 2 1,1.0,1.0,1.0,0.255023,14.595391
normalized_final_no_rerank,grade>=1,RQ_RFB_047_02,compositional,single_chunk,performance_comparison,7,high_order_arity_5_plus,retrievable,20,2,2 3 0 0 0,3 2 2 1 1,1.0,1.0,1.0,0.661579,11.210319
normalized_final_no_rerank,grade>=1,RQ_RFB_048_02,compositional,single_chunk,performance_metrics,5,high_order_arity_5_plus,retrievable,20,0,0 0 0 0 0,3 2 1 1 1,0.0,0.0,0.142857,0.0,10.210319
normalized_final_no_rerank,grade>=1,RQ_RFB_050_02,compositional,cross_section,performance_metrics,5,high_order_arity_5_plus,retrievable,17,0,0 0 3 0 1,3 3 3 1 1,0.0,1.0,0.333333,0.247035,15.734038
normalized_final_no_rerank,grade>=1,RQ_RFB_051_01,high_order,cross_section,modeling_diagnostics,6,high_order_arity_5_plus,retrievable,20,2,2 3 0 3 2,3 3 3 3 2,1.0,1.0,1.0,0.607161,19.091803
normalized_final_no_rerank,grade>=1,RQ_RFB_052_02,compositional,single_chunk,performance_metrics,5,high_order_arity_5_plus,retrievable,20,1,1 3 1 1 3,3 3 3 3 1,1.0,1.0,1.0,0.494328,18.318097
normalized_final_no_rerank,grade>=1,RQ_RFB_055_02,high_order,cross_section,modeling_diagnostics,5,high_order_arity_5_plus,retrievable,20,0,0 0 0 2 1,3 3 3 2 1,0.0,1.0,0.25,0.101166,16.595391
normalized_final_no_rerank,grade>=1,RQ_RFB_056_02,high_order,adjacent_chunks,performance_metrics,6,high_order_arity_5_plus,retrievable,20,3,3 0 1 1 1,3 2 2 1 1,1.0,1.0,1.0,0.741953,11.210319
normalized_final_no_rerank,grade>=1,RQ_RFB_058_02,high_order,adjacent_chunks,operating_conditions,6,high_order_arity_5_plus,retrievable,20,3,3 3 1 1 2,3 3 3 2 2,1.0,1.0,1.0,0.777688,17.369096
normalized_final_no_rerank,grade>=1,RQ_RFB_059_02,compositional,single_chunk,performance_metrics,5,high_order_arity_5_plus,retrievable,12,1,1 0 1 1 2,3 3 3 3 2,1.0,1.0,1.0,0.161914,19.091803
normalized_final_no_rerank,grade>=1,RQ_RFB_060_02,compositional,single_chunk,performance_metrics,5,high_order_arity_5_plus,retrievable,20,0,0 3 1 3 1,3 3 1 1 0,0.0,1.0,0.5,0.673684,12.347185
normalized_final_no_rerank,grade>=1,UQ_001,compositional,none,life_cycle_assessment,,unknown,unanswerable,20,0,0 0 0 0 0,0 0 0 0 0,0.0,0.0,0.0,0.0,0.0
normalized_final_no_rerank,grade>=1,UQ_002,compositional,none,electrolyte_recycling,,unknown,unanswerable,20,0,0 0 0 0 0,0 0 0 0 0,0.0,0.0,0.0,0.0,0.0
normalized_final_no_rerank,grade>=1,UQ_003,compositional,none,environmental_robustness,,unknown,unanswerable,20,0,0 0 0 0 0,1 0 0 0 0,0.0,0.0,0.0,0.0,1.0
normalized_final_no_rerank,grade>=1,UQ_004,compositional,none,balance_of_plant_durability,,unknown,unanswerable,20,0,0 0 0 0 0,0 0 0 0 0,0.0,0.0,0.0,0.0,0.0
normalized_final_no_rerank,grade>=1,UQ_009,compositional,none,hydraulic_fault_effect,,unknown,unanswerable,20,0,0 0 0 0 0,0 0 0 0 0,0.0,0.0,0.0,0.0,0.0
normalized_final_no_rerank,grade>=1,UQ_010,compositional,none,operando_control,,unknown,unanswerable,20,0,0 0 0 0 0,1 0 0 0 0,0.0,0.0,0.071429,0.0,1.0
normalized_final_no_rerank,grade>=1,UQ_011,compositional,none,model_uncertainty,,unknown,unanswerable,20,1,1 1 0 0 1,1 1 1 1 1,1.0,1.0,1.0,0.684352,2.948459
normalized_final_no_rerank,grade>=1,UQ_012,compositional,none,manufacturing_sustainability,,unknown,unanswerable,20,0,0 1 0 0 0,1 0 0 0 0,0.0,1.0,0.5,0.63093,1.0
normalized_final_no_rerank,grade>=1,UQ_013,compositional,none,catalyst_recycling,,unknown,unanswerable,20,0,0 1 0 0 0,1 1 1 1 0,0.0,1.0,0.5,0.246302,2.561606
normalized_final_no_rerank,grade>=1,UQ_015,compositional,none,membrane_mechanical_fatigue,,unknown,unanswerable,20,0,0 0 0 0 0,0 0 0 0 0,0.0,0.0,0.0,0.0,0.0
normalized_final_no_rerank,grade>=1,UQ_016,compositional,none,operando_diagnostics,,unknown,unanswerable,20,0,0 0 0 1 1,2 1 1 1 1,0.0,1.0,0.25,0.165209,4.948459
normalized_final_no_rerank,grade>=1,UQ_018,compositional,none,contamination_failure,,unknown,unanswerable,20,0,0 0 0 0 0,1 0 0 0 0,0.0,0.0,0.0,0.0,1.0
normalized_final_no_rerank,grade>=1,UQ_019,compositional,none,environmental_safety,,unknown,unanswerable,20,0,0 0 0 0 0,1 0 0 0 0,0.0,0.0,0.0,0.0,1.0
normalized_final_no_rerank,grade>=2,RQ_RFB_002_01,compositional,adjacent_chunks,performance_comparison,5,high_order_arity_5_plus,retrievable,13,2,2 2 1 3 2,3 2 2 2 2,1.0,1.0,1.0,0.744866,12.845377
normalized_final_no_rerank,grade>=2,RQ_RFB_003_02,compositional,single_chunk,operating_conditions,6,high_order_arity_5_plus,retrievable,20,3,3 3 3 1 0,3 3 3 1 1,1.0,1.0,1.0,0.975413,15.734038
normalized_final_no_rerank,grade>=2,RQ_RFB_005_02,compositional,adjacent_chunks,cycling_stability,5,high_order_arity_5_plus,retrievable,20,2,2 0 0 1 1,3 2 2 2 2,1.0,1.0,1.0,0.297191,12.845377
normalized_final_no_rerank,grade>=2,RQ_RFB_006_02,compositional,single_chunk,performance_comparison,5,high_order_arity_5_plus,retrievable,18,3,3 1 1 2 1,3 2 1 1 1,1.0,1.0,1.0,0.960774,10.210319
normalized_final_no_rerank,grade>=2,RQ_RFB_007_02,simple,single_chunk,operating_conditions,4,high_order_arity_3_4,retrievable,20,3,3 1 1 0 2,3 3 2 1 1,1.0,1.0,1.0,0.67653,13.734038
normalized_final_no_rerank,grade>=2,RQ_RFB_008_01,high_order,cross_section,mechanism,4,high_order_arity_3_4,retrievable,20,3,3 0 3 3 3,3 3 3 3 2,1.0,1.0,1.0,0.849721,19.091803
normalized_final_no_rerank,grade>=2,RQ_RFB_010_02,high_order,cross_section,performance_comparison,5,high_order_arity_5_plus,retrievable,20,0,0 1 3 0 3,3 3 3 1 1,0.0,1.0,0.333333,0.434656,15.734038
normalized_final_no_rerank,grade>=2,RQ_RFB_011_01,high_order,cross_section,system_architecture,4,high_order_arity_3_4,retrievable,20,0,0 1 1 1 0,3 3 3 1 1,0.0,0.0,0.125,0.09925,15.734038
normalized_final_no_rerank,grade>=2,RQ_RFB_012_02,simple,single_chunk,modeling_diagnostics,4,high_order_arity_3_4,retrievable,20,3,3 1 3 3 3,3 3 3 3 3,1.0,1.0,1.0,0.816583,20.639214
normalized_final_no_rerank,grade>=2,RQ_RFB_013_02,simple,single_chunk,system_architecture,4,high_order_arity_3_4,retrievable,20,2,2 1 1 1 3,3 3 2 1 1,1.0,1.0,1.0,0.529311,13.734038
normalized_final_no_rerank,grade>=2,RQ_RFB_014_01,high_order,cross_section,material_design,5,high_order_arity_5_plus,retrievable,20,0,0 0 1 2 0,3 3 3 2 2,0.0,1.0,0.25,0.103173,17.369096
normalized_final_no_rerank,grade>=2,RQ_RFB_015_02,compositional,single_chunk,cycling_stability,6,high_order_arity_5_plus,retrievable,20,0,0 0 0 0 3,3 3 3 3 2,0.0,1.0,0.2,0.141839,19.091803
normalized_final_no_rerank,grade>=2,RQ_RFB_016_02,simple,single_chunk,performance_comparison,4,high_order_arity_3_4,retrievable,20,2,2 1 1 0 3,3 3 3 2 1,1.0,1.0,1.0,0.412096,16.595391
normalized_final_no_rerank,grade>=2,RQ_RFB_019_01,compositional,single_chunk,performance_comparison,6,high_order_arity_5_plus,retrievable,17,3,3 2 2 1 0,3 2 2 2 1,1.0,1.0,1.0,0.8966,12.071672
normalized_final_no_rerank,grade>=2,RQ_RFB_020_02,compositional,single_chunk,operating_conditions,5,high_order_arity_5_plus,retrievable,14,1,1 1 1 1 3,3 3 3 3 2,0.0,1.0,0.2,0.276012,19.091803
normalized_final_no_rerank,grade>=2,RQ_RFB_021_01,compositional,single_chunk,mechanism,5,high_order_arity_5_plus,retrievable,15,1,1 3 0 2 3,3 3 3 3 2,0.0,1.0,0.5,0.493223,19.091803
normalized_final_no_rerank,grade>=2,RQ_RFB_022_02,compositional,adjacent_chunks,cycling_stability,4,high_order_arity_3_4,retrievable,20,0,0 0 0 0 0,3 3 2 2 1,0.0,0.0,0.1,0.0,14.595391
normalized_final_no_rerank,grade>=2,RQ_RFB_023_01,high_order,cross_section,operating_conditions,6,high_order_arity_5_plus,retrievable,20,2,2 3 3 0 2,3 3 3 2 2,1.0,1.0,1.0,0.695319,17.369096
normalized_final_no_rerank,grade>=2,RQ_RFB_024_02,compositional,single_chunk,cycling_stability,5,high_order_arity_5_plus,retrievable,20,0,0 3 1 0 2,3 2 2 2 2,0.0,1.0,0.5,0.473094,12.845377
normalized_final_no_rerank,grade>=2,RQ_RFB_025_01,compositional,single_chunk,operating_conditions,5,high_order_arity_5_plus,retrievable,18,3,3 0 3 3 1,3 3 3 3 2,1.0,1.0,1.0,0.728144,19.091803
normalized_final_no_rerank,grade>=2,RQ_RFB_026_01,compositional,single_chunk,operating_conditions,5,high_order_arity_5_plus,retrievable,20,1,1 0 1 0 0,3 3 3 2 2,0.0,0.0,0.166667,0.08636,17.369096
normalized_final_no_rerank,grade>=2,RQ_RFB_029_02,compositional,single_chunk,performance_metrics,8,high_order_arity_5_plus,retrievable,10,1,1 1 3 1 2,3 3 3 2 2,0.0,1.0,0.333333,0.387019,17.369096
normalized_final_no_rerank,grade>=2,RQ_RFB_031_02,simple,single_chunk,performance_metrics,4,high_order_arity_3_4,retrievable,20,0,0 0 0 0 0,3 3 2 2 2,0.0,0.0,0.125,0.0,15.369096
normalized_final_no_rerank,grade>=2,RQ_RFB_032_02,simple,single_chunk,cycling_stability,4,high_order_arity_3_4,retrievable,20,1,1 3 1 1 1,3 3 3 1 1,0.0,1.0,0.5,0.427992,15.734038
normalized_final_no_rerank,grade>=2,RQ_RFB_033_02,high_order,adjacent_chunks,performance_metrics,6,high_order_arity_5_plus,retrievable,20,2,2 3 1 3 3,3 3 3 2 2,1.0,1.0,1.0,0.785258,17.369096
normalized_final_no_rerank,grade>=2,RQ_RFB_034_01,high_order,cross_section,mechanism,6,high_order_arity_5_plus,retrievable,20,0,0 2 2 3 0,3 3 2 2 2,0.0,1.0,0.5,0.41691,15.369096
normalized_final_no_rerank,grade>=2,RQ_RFB_035_02,simple,single_chunk,performance_comparison,3,high_order_arity_3_4,retrievable,16,0,0 3 3 0 0,3 3 3 1 1,0.0,1.0,0.5,0.503145,15.734038
normalized_final_no_rerank,grade>=2,RQ_RFB_036_02,high_order,adjacent_chunks,performance_comparison,6,high_order_arity_5_plus,retrievable,17,3,3 1 1 1 1,3 3 3 2 1,1.0,1.0,1.0,0.539214,16.595391
normalized_final_no_rerank,grade>=2,RQ_RFB_037_02,compositional,single_chunk,cycling_stability,5,high_order_arity_5_plus,retrievable,14,0,0 3 1 2 1,3 3 3 2 1,0.0,1.0,0.5,0.397423,16.595391
normalized_final_no_rerank,grade>=2,RQ_RFB_038_02,compositional,single_chunk,performance_comparison,6,high_order_arity_5_plus,retrievable,20,0,0 0 1 0 0,3 3 1 1 1,0.0,0.0,0.076923,0.039265,12.734038
normalized_final_no_rerank,grade>=2,RQ_RFB_040_02,compositional,single_chunk,operating_conditions,5,high_order_arity_5_plus,retrievable,20,1,1 3 3 1 1,3 3 3 1 1,0.0,1.0,0.5,0.618661,15.734038
normalized_final_no_rerank,grade>=2,RQ_RFB_041_01,high_order,cross_section,operating_conditions,5,high_order_arity_5_plus,retrievable,20,0,0 0 0 0 0,3 3 3 2 1,0.0,0.0,0.125,0.0,16.595391
normalized_final_no_rerank,grade>=2,RQ_RFB_043_02,high_order,adjacent_chunks,performance_metrics,8,high_order_arity_5_plus,retrievable,20,2,2 2 2 1 2,3 2 2 2 2,1.0,1.0,1.0,0.621548,12.845377
normalized_final_no_rerank,grade>=2,RQ_RFB_045_02,simple,single_chunk,performance_metrics,4,high_order_arity_3_4,retrievable,20,0,0 3 0 1 1,3 3 1 1 1,0.0,1.0,0.5,0.411027,12.734038
normalized_final_no_rerank,grade>=2,RQ_RFB_046_02,compositional,single_chunk,cycling_stability,5,high_order_arity_5_plus,retrievable,20,1,1 1 1 1 2,3 3 2 2 1,0.0,1.0,0.2,0.255023,14.595391
normalized_final_no_rerank,grade>=2,RQ_RFB_047_02,compositional,single_chunk,performance_comparison,7,high_order_arity_5_plus,retrievable,20,2,2 3 0 0 0,3 2 2 1 1,1.0,1.0,1.0,0.661579,11.210319
normalized_final_no_rerank,grade>=2,RQ_RFB_048_02,compositional,single_chunk,performance_metrics,5,high_order_arity_5_plus,retrievable,20,0,0 0 0 0 0,3 2 1 1 1,0.0,0.0,0.142857,0.0,10.210319
normalized_final_no_rerank,grade>=2,RQ_RFB_050_02,compositional,cross_section,performance_metrics,5,high_order_arity_5_plus,retrievable,17,0,0 0 3 0 1,3 3 3 1 1,0.0,1.0,0.333333,0.247035,15.734038
normalized_final_no_rerank,grade>=2,RQ_RFB_051_01,high_order,cross_section,modeling_diagnostics,6,high_order_arity_5_plus,retrievable,20,2,2 3 0 3 2,3 3 3 3 2,1.0,1.0,1.0,0.607161,19.091803
normalized_final_no_rerank,grade>=2,RQ_RFB_052_02,compositional,single_chunk,performance_metrics,5,high_order_arity_5_plus,retrievable,20,1,1 3 1 1 3,3 3 3 3 1,0.0,1.0,0.5,0.494328,18.318097
normalized_final_no_rerank,grade>=2,RQ_RFB_055_02,high_order,cross_section,modeling_diagnostics,5,high_order_arity_5_plus,retrievable,20,0,0 0 0 2 1,3 3 3 2 1,0.0,1.0,0.25,0.101166,16.595391
normalized_final_no_rerank,grade>=2,RQ_RFB_056_02,high_order,adjacent_chunks,performance_metrics,6,high_order_arity_5_plus,retrievable,20,3,3 0 1 1 1,3 2 2 1 1,1.0,1.0,1.0,0.741953,11.210319
normalized_final_no_rerank,grade>=2,RQ_RFB_058_02,high_order,adjacent_chunks,operating_conditions,6,high_order_arity_5_plus,retrievable,20,3,3 3 1 1 2,3 3 3 2 2,1.0,1.0,1.0,0.777688,17.369096
normalized_final_no_rerank,grade>=2,RQ_RFB_059_02,compositional,single_chunk,performance_metrics,5,high_order_arity_5_plus,retrievable,12,1,1 0 1 1 2,3 3 3 3 2,0.0,1.0,0.2,0.161914,19.091803
normalized_final_no_rerank,grade>=2,RQ_RFB_060_02,compositional,single_chunk,performance_metrics,5,high_order_arity_5_plus,retrievable,20,0,0 3 1 3 1,3 3 1 1 0,0.0,1.0,0.5,0.673684,12.347185
normalized_final_no_rerank,grade>=2,UQ_001,compositional,none,life_cycle_assessment,,unknown,unanswerable,20,0,0 0 0 0 0,0 0 0 0 0,0.0,0.0,0.0,0.0,0.0
normalized_final_no_rerank,grade>=2,UQ_002,compositional,none,electrolyte_recycling,,unknown,unanswerable,20,0,0 0 0 0 0,0 0 0 0 0,0.0,0.0,0.0,0.0,0.0
normalized_final_no_rerank,grade>=2,UQ_003,compositional,none,environmental_robustness,,unknown,unanswerable,20,0,0 0 0 0 0,1 0 0 0 0,0.0,0.0,0.0,0.0,1.0
normalized_final_no_rerank,grade>=2,UQ_004,compositional,none,balance_of_plant_durability,,unknown,unanswerable,20,0,0 0 0 0 0,0 0 0 0 0,0.0,0.0,0.0,0.0,0.0
normalized_final_no_rerank,grade>=2,UQ_009,compositional,none,hydraulic_fault_effect,,unknown,unanswerable,20,0,0 0 0 0 0,0 0 0 0 0,0.0,0.0,0.0,0.0,0.0
normalized_final_no_rerank,grade>=2,UQ_010,compositional,none,operando_control,,unknown,unanswerable,20,0,0 0 0 0 0,1 0 0 0 0,0.0,0.0,0.0,0.0,1.0
normalized_final_no_rerank,grade>=2,UQ_011,compositional,none,model_uncertainty,,unknown,unanswerable,20,1,1 1 0 0 1,1 1 1 1 1,0.0,0.0,0.0,0.684352,2.948459
normalized_final_no_rerank,grade>=2,UQ_012,compositional,none,manufacturing_sustainability,,unknown,unanswerable,20,0,0 1 0 0 0,1 0 0 0 0,0.0,0.0,0.0,0.63093,1.0
normalized_final_no_rerank,grade>=2,UQ_013,compositional,none,catalyst_recycling,,unknown,unanswerable,20,0,0 1 0 0 0,1 1 1 1 0,0.0,0.0,0.0,0.246302,2.561606
normalized_final_no_rerank,grade>=2,UQ_015,compositional,none,membrane_mechanical_fatigue,,unknown,unanswerable,20,0,0 0 0 0 0,0 0 0 0 0,0.0,0.0,0.0,0.0,0.0
normalized_final_no_rerank,grade>=2,UQ_016,compositional,none,operando_diagnostics,,unknown,unanswerable,20,0,0 0 0 1 1,2 1 1 1 1,0.0,0.0,0.0,0.165209,4.948459
normalized_final_no_rerank,grade>=2,UQ_018,compositional,none,contamination_failure,,unknown,unanswerable,20,0,0 0 0 0 0,1 0 0 0 0,0.0,0.0,0.0,0.0,1.0
normalized_final_no_rerank,grade>=2,UQ_019,compositional,none,environmental_safety,,unknown,unanswerable,20,0,0 0 0 0 0,1 0 0 0 0,0.0,0.0,0.0,0.0,1.0
normalized_final_no_rerank,grade>=3,RQ_RFB_002_01,compositional,adjacent_chunks,performance_comparison,5,high_order_arity_5_plus,retrievable,13,2,2 2 1 3 2,3 2 2 2 2,0.0,1.0,0.25,0.744866,12.845377
normalized_final_no_rerank,grade>=3,RQ_RFB_003_02,compositional,single_chunk,operating_conditions,6,high_order_arity_5_plus,retrievable,20,3,3 3 3 1 0,3 3 3 1 1,1.0,1.0,1.0,0.975413,15.734038
normalized_final_no_rerank,grade>=3,RQ_RFB_005_02,compositional,adjacent_chunks,cycling_stability,5,high_order_arity_5_plus,retrievable,20,2,2 0 0 1 1,3 2 2 2 2,0.0,0.0,0.090909,0.297191,12.845377
normalized_final_no_rerank,grade>=3,RQ_RFB_006_02,compositional,single_chunk,performance_comparison,5,high_order_arity_5_plus,retrievable,18,3,3 1 1 2 1,3 2 1 1 1,1.0,1.0,1.0,0.960774,10.210319
normalized_final_no_rerank,grade>=3,RQ_RFB_007_02,simple,single_chunk,operating_conditions,4,high_order_arity_3_4,retrievable,20,3,3 1 1 0 2,3 3 2 1 1,1.0,1.0,1.0,0.67653,13.734038
normalized_final_no_rerank,grade>=3,RQ_RFB_008_01,high_order,cross_section,mechanism,4,high_order_arity_3_4,retrievable,20,3,3 0 3 3 3,3 3 3 3 2,1.0,1.0,1.0,0.849721,19.091803
normalized_final_no_rerank,grade>=3,RQ_RFB_010_02,high_order,cross_section,performance_comparison,5,high_order_arity_5_plus,retrievable,20,0,0 1 3 0 3,3 3 3 1 1,0.0,1.0,0.333333,0.434656,15.734038
normalized_final_no_rerank,grade>=3,RQ_RFB_011_01,high_order,cross_section,system_architecture,4,high_order_arity_3_4,retrievable,20,0,0 1 1 1 0,3 3 3 1 1,0.0,0.0,0.125,0.09925,15.734038
normalized_final_no_rerank,grade>=3,RQ_RFB_012_02,simple,single_chunk,modeling_diagnostics,4,high_order_arity_3_4,retrievable,20,3,3 1 3 3 3,3 3 3 3 3,1.0,1.0,1.0,0.816583,20.639214
normalized_final_no_rerank,grade>=3,RQ_RFB_013_02,simple,single_chunk,system_architecture,4,high_order_arity_3_4,retrievable,20,2,2 1 1 1 3,3 3 2 1 1,0.0,1.0,0.2,0.529311,13.734038
normalized_final_no_rerank,grade>=3,RQ_RFB_014_01,high_order,cross_section,material_design,5,high_order_arity_5_plus,retrievable,20,0,0 0 1 2 0,3 3 3 2 2,0.0,0.0,0.166667,0.103173,17.369096
normalized_final_no_rerank,grade>=3,RQ_RFB_015_02,compositional,single_chunk,cycling_stability,6,high_order_arity_5_plus,retrievable,20,0,0 0 0 0 3,3 3 3 3 2,0.0,1.0,0.2,0.141839,19.091803
normalized_final_no_rerank,grade>=3,RQ_RFB_016_02,simple,single_chunk,performance_comparison,4,high_order_arity_3_4,retrievable,20,2,2 1 1 0 3,3 3 3 2 1,0.0,1.0,0.2,0.412096,16.595391
normalized_final_no_rerank,grade>=3,RQ_RFB_019_01,compositional,single_chunk,performance_comparison,6,high_order_arity_5_plus,retrievable,17,3,3 2 2 1 0,3 2 2 2 1,1.0,1.0,1.0,0.8966,12.071672
normalized_final_no_rerank,grade>=3,RQ_RFB_020_02,compositional,single_chunk,operating_conditions,5,high_order_arity_5_plus,retrievable,14,1,1 1 1 1 3,3 3 3 3 2,0.0,1.0,0.2,0.276012,19.091803
normalized_final_no_rerank,grade>=3,RQ_RFB_021_01,compositional,single_chunk,mechanism,5,high_order_arity_5_plus,retrievable,15,1,1 3 0 2 3,3 3 3 3 2,0.0,1.0,0.5,0.493223,19.091803
normalized_final_no_rerank,grade>=3,RQ_RFB_022_02,compositional,adjacent_chunks,cycling_stability,4,high_order_arity_3_4,retrievable,20,0,0 0 0 0 0,3 3 2 2 1,0.0,0.0,0.1,0.0,14.595391
normalized_final_no_rerank,grade>=3,RQ_RFB_023_01,high_order,cross_section,operating_conditions,6,high_order_arity_5_plus,retrievable,20,2,2 3 3 0 2,3 3 3 2 2,0.0,1.0,0.5,0.695319,17.369096
normalized_final_no_rerank,grade>=3,RQ_RFB_024_02,compositional,single_chunk,cycling_stability,5,high_order_arity_5_plus,retrievable,20,0,0 3 1 0 2,3 2 2 2 2,0.0,1.0,0.5,0.473094,12.845377
normalized_final_no_rerank,grade>=3,RQ_RFB_025_01,compositional,single_chunk,operating_conditions,5,high_order_arity_5_plus,retrievable,18,3,3 0 3 3 1,3 3 3 3 2,1.0,1.0,1.0,0.728144,19.091803
normalized_final_no_rerank,grade>=3,RQ_RFB_026_01,compositional,single_chunk,operating_conditions,5,high_order_arity_5_plus,retrievable,20,1,1 0 1 0 0,3 3 3 2 2,0.0,0.0,0.166667,0.08636,17.369096
normalized_final_no_rerank,grade>=3,RQ_RFB_029_02,compositional,single_chunk,performance_metrics,8,high_order_arity_5_plus,retrievable,10,1,1 1 3 1 2,3 3 3 2 2,0.0,1.0,0.333333,0.387019,17.369096
normalized_final_no_rerank,grade>=3,RQ_RFB_031_02,simple,single_chunk,performance_metrics,4,high_order_arity_3_4,retrievable,20,0,0 0 0 0 0,3 3 2 2 2,0.0,0.0,0.125,0.0,15.369096
normalized_final_no_rerank,grade>=3,RQ_RFB_032_02,simple,single_chunk,cycling_stability,4,high_order_arity_3_4,retrievable,20,1,1 3 1 1 1,3 3 3 1 1,0.0,1.0,0.5,0.427992,15.734038
normalized_final_no_rerank,grade>=3,RQ_RFB_033_02,high_order,adjacent_chunks,performance_metrics,6,high_order_arity_5_plus,retrievable,20,2,2 3 1 3 3,3 3 3 2 2,0.0,1.0,0.5,0.785258,17.369096
normalized_final_no_rerank,grade>=3,RQ_RFB_034_01,high_order,cross_section,mechanism,6,high_order_arity_5_plus,retrievable,20,0,0 2 2 3 0,3 3 2 2 2,0.0,1.0,0.25,0.41691,15.369096
normalized_final_no_rerank,grade>=3,RQ_RFB_035_02,simple,single_chunk,performance_comparison,3,high_order_arity_3_4,retrievable,16,0,0 3 3 0 0,3 3 3 1 1,0.0,1.0,0.5,0.503145,15.734038
normalized_final_no_rerank,grade>=3,RQ_RFB_036_02,high_order,adjacent_chunks,performance_comparison,6,high_order_arity_5_plus,retrievable,17,3,3 1 1 1 1,3 3 3 2 1,1.0,1.0,1.0,0.539214,16.595391
normalized_final_no_rerank,grade>=3,RQ_RFB_037_02,compositional,single_chunk,cycling_stability,5,high_order_arity_5_plus,retrievable,14,0,0 3 1 2 1,3 3 3 2 1,0.0,1.0,0.5,0.397423,16.595391
normalized_final_no_rerank,grade>=3,RQ_RFB_038_02,compositional,single_chunk,performance_comparison,6,high_order_arity_5_plus,retrievable,20,0,0 0 1 0 0,3 3 1 1 1,0.0,0.0,0.076923,0.039265,12.734038
normalized_final_no_rerank,grade>=3,RQ_RFB_040_02,compositional,single_chunk,operating_conditions,5,high_order_arity_5_plus,retrievable,20,1,1 3 3 1 1,3 3 3 1 1,0.0,1.0,0.5,0.618661,15.734038
normalized_final_no_rerank,grade>=3,RQ_RFB_041_01,high_order,cross_section,operating_conditions,5,high_order_arity_5_plus,retrievable,20,0,0 0 0 0 0,3 3 3 2 1,0.0,0.0,0.125,0.0,16.595391
normalized_final_no_rerank,grade>=3,RQ_RFB_043_02,high_order,adjacent_chunks,performance_metrics,8,high_order_arity_5_plus,retrievable,20,2,2 2 2 1 2,3 2 2 2 2,0.0,0.0,0.111111,0.621548,12.845377
normalized_final_no_rerank,grade>=3,RQ_RFB_045_02,simple,single_chunk,performance_metrics,4,high_order_arity_3_4,retrievable,20,0,0 3 0 1 1,3 3 1 1 1,0.0,1.0,0.5,0.411027,12.734038
normalized_final_no_rerank,grade>=3,RQ_RFB_046_02,compositional,single_chunk,cycling_stability,5,high_order_arity_5_plus,retrievable,20,1,1 1 1 1 2,3 3 2 2 1,0.0,0.0,0.166667,0.255023,14.595391
normalized_final_no_rerank,grade>=3,RQ_RFB_047_02,compositional,single_chunk,performance_comparison,7,high_order_arity_5_plus,retrievable,20,2,2 3 0 0 0,3 2 2 1 1,0.0,1.0,0.5,0.661579,11.210319
normalized_final_no_rerank,grade>=3,RQ_RFB_048_02,compositional,single_chunk,performance_metrics,5,high_order_arity_5_plus,retrievable,20,0,0 0 0 0 0,3 2 1 1 1,0.0,0.0,0.142857,0.0,10.210319
normalized_final_no_rerank,grade>=3,RQ_RFB_050_02,compositional,cross_section,performance_metrics,5,high_order_arity_5_plus,retrievable,17,0,0 0 3 0 1,3 3 3 1 1,0.0,1.0,0.333333,0.247035,15.734038
normalized_final_no_rerank,grade>=3,RQ_RFB_051_01,high_order,cross_section,modeling_diagnostics,6,high_order_arity_5_plus,retrievable,20,2,2 3 0 3 2,3 3 3 3 2,0.0,1.0,0.5,0.607161,19.091803
normalized_final_no_rerank,grade>=3,RQ_RFB_052_02,compositional,single_chunk,performance_metrics,5,high_order_arity_5_plus,retrievable,20,1,1 3 1 1 3,3 3 3 3 1,0.0,1.0,0.5,0.494328,18.318097
normalized_final_no_rerank,grade>=3,RQ_RFB_055_02,high_order,cross_section,modeling_diagnostics,5,high_order_arity_5_plus,retrievable,20,0,0 0 0 2 1,3 3 3 2 1,0.0,0.0,0.125,0.101166,16.595391
normalized_final_no_rerank,grade>=3,RQ_RFB_056_02,high_order,adjacent_chunks,performance_metrics,6,high_order_arity_5_plus,retrievable,20,3,3 0 1 1 1,3 2 2 1 1,1.0,1.0,1.0,0.741953,11.210319
normalized_final_no_rerank,grade>=3,RQ_RFB_058_02,high_order,adjacent_chunks,operating_conditions,6,high_order_arity_5_plus,retrievable,20,3,3 3 1 1 2,3 3 3 2 2,1.0,1.0,1.0,0.777688,17.369096
normalized_final_no_rerank,grade>=3,RQ_RFB_059_02,compositional,single_chunk,performance_metrics,5,high_order_arity_5_plus,retrievable,12,1,1 0 1 1 2,3 3 3 3 2,0.0,0.0,0.166667,0.161914,19.091803
normalized_final_no_rerank,grade>=3,RQ_RFB_060_02,compositional,single_chunk,performance_metrics,5,high_order_arity_5_plus,retrievable,20,0,0 3 1 3 1,3 3 1 1 0,0.0,1.0,0.5,0.673684,12.347185
normalized_final_no_rerank,grade>=3,UQ_001,compositional,none,life_cycle_assessment,,unknown,unanswerable,20,0,0 0 0 0 0,0 0 0 0 0,0.0,0.0,0.0,0.0,0.0
normalized_final_no_rerank,grade>=3,UQ_002,compositional,none,electrolyte_recycling,,unknown,unanswerable,20,0,0 0 0 0 0,0 0 0 0 0,0.0,0.0,0.0,0.0,0.0
normalized_final_no_rerank,grade>=3,UQ_003,compositional,none,environmental_robustness,,unknown,unanswerable,20,0,0 0 0 0 0,1 0 0 0 0,0.0,0.0,0.0,0.0,1.0
normalized_final_no_rerank,grade>=3,UQ_004,compositional,none,balance_of_plant_durability,,unknown,unanswerable,20,0,0 0 0 0 0,0 0 0 0 0,0.0,0.0,0.0,0.0,0.0
normalized_final_no_rerank,grade>=3,UQ_009,compositional,none,hydraulic_fault_effect,,unknown,unanswerable,20,0,0 0 0 0 0,0 0 0 0 0,0.0,0.0,0.0,0.0,0.0
normalized_final_no_rerank,grade>=3,UQ_010,compositional,none,operando_control,,unknown,unanswerable,20,0,0 0 0 0 0,1 0 0 0 0,0.0,0.0,0.0,0.0,1.0
normalized_final_no_rerank,grade>=3,UQ_011,compositional,none,model_uncertainty,,unknown,unanswerable,20,1,1 1 0 0 1,1 1 1 1 1,0.0,0.0,0.0,0.684352,2.948459
normalized_final_no_rerank,grade>=3,UQ_012,compositional,none,manufacturing_sustainability,,unknown,unanswerable,20,0,0 1 0 0 0,1 0 0 0 0,0.0,0.0,0.0,0.63093,1.0
normalized_final_no_rerank,grade>=3,UQ_013,compositional,none,catalyst_recycling,,unknown,unanswerable,20,0,0 1 0 0 0,1 1 1 1 0,0.0,0.0,0.0,0.246302,2.561606
normalized_final_no_rerank,grade>=3,UQ_015,compositional,none,membrane_mechanical_fatigue,,unknown,unanswerable,20,0,0 0 0 0 0,0 0 0 0 0,0.0,0.0,0.0,0.0,0.0
normalized_final_no_rerank,grade>=3,UQ_016,compositional,none,operando_diagnostics,,unknown,unanswerable,20,0,0 0 0 1 1,2 1 1 1 1,0.0,0.0,0.0,0.165209,4.948459
normalized_final_no_rerank,grade>=3,UQ_018,compositional,none,contamination_failure,,unknown,unanswerable,20,0,0 0 0 0 0,1 0 0 0 0,0.0,0.0,0.0,0.0,1.0
normalized_final_no_rerank,grade>=3,UQ_019,compositional,none,environmental_safety,,unknown,unanswerable,20,0,0 0 0 0 0,1 0 0 0 0,0.0,0.0,0.0,0.0,1.0
original_hypergraph,grade>=1,RQ_RFB_002_01,compositional,adjacent_chunks,performance_comparison,5,high_order_arity_5_plus,retrievable,20,0,0 0 0 0 0,3 2 2 2 2,0.0,0.0,0.0,0.0,12.845377
original_hypergraph,grade>=1,RQ_RFB_003_02,compositional,single_chunk,operating_conditions,6,high_order_arity_5_plus,retrievable,20,0,0 0 0 0 0,3 3 3 1 1,0.0,0.0,0.0,0.0,15.734038
original_hypergraph,grade>=1,RQ_RFB_005_02,compositional,adjacent_chunks,cycling_stability,5,high_order_arity_5_plus,retrievable,20,0,0 0 0 0 0,3 2 2 2 2,0.0,0.0,0.0,0.0,12.845377
original_hypergraph,grade>=1,RQ_RFB_006_02,compositional,single_chunk,performance_comparison,5,high_order_arity_5_plus,retrievable,20,0,0 0 0 0 0,3 2 1 1 1,0.0,0.0,0.0,0.0,10.210319
original_hypergraph,grade>=1,RQ_RFB_007_02,simple,single_chunk,operating_conditions,4,high_order_arity_3_4,retrievable,20,0,0 0 0 0 0,3 3 2 1 1,0.0,0.0,0.090909,0.0,13.734038
original_hypergraph,grade>=1,RQ_RFB_008_01,high_order,cross_section,mechanism,4,high_order_arity_3_4,retrievable,20,0,0 0 0 0 0,3 3 3 3 2,0.0,0.0,0.0,0.0,19.091803
original_hypergraph,grade>=1,RQ_RFB_010_02,high_order,cross_section,performance_comparison,5,high_order_arity_5_plus,retrievable,20,0,0 0 0 0 0,3 3 3 1 1,0.0,0.0,0.0,0.0,15.734038
original_hypergraph,grade>=1,RQ_RFB_011_01,high_order,cross_section,system_architecture,4,high_order_arity_3_4,retrievable,20,0,0 0 0 0 1,3 3 3 1 1,0.0,1.0,0.2,0.024587,15.734038
original_hypergraph,grade>=1,RQ_RFB_012_02,simple,single_chunk,modeling_diagnostics,4,high_order_arity_3_4,retrievable,20,1,1 1 1 0 0,3 3 3 3 3,1.0,1.0,1.0,0.103247,20.639214
original_hypergraph,grade>=1,RQ_RFB_013_02,simple,single_chunk,system_architecture,4,high_order_arity_3_4,retrievable,20,0,0 0 0 0 0,3 3 2 1 1,0.0,0.0,0.0,0.0,13.734038
original_hypergraph,grade>=1,RQ_RFB_014_01,high_order,cross_section,material_design,5,high_order_arity_5_plus,retrievable,20,0,0 0 0 0 0,3 3 3 2 2,0.0,0.0,0.111111,0.0,17.369096
original_hypergraph,grade>=1,RQ_RFB_015_02,compositional,single_chunk,cycling_stability,6,high_order_arity_5_plus,retrievable,20,0,0 0 0 0 3,3 3 3 3 2,0.0,1.0,0.2,0.141839,19.091803
original_hypergraph,grade>=1,RQ_RFB_016_02,simple,single_chunk,performance_comparison,4,high_order_arity_3_4,retrievable,20,0,0 0 2 0 1,3 3 3 2 1,0.0,1.0,0.333333,0.113697,16.595391
original_hypergraph,grade>=1,RQ_RFB_019_01,compositional,single_chunk,performance_comparison,6,high_order_arity_5_plus,retrievable,20,3,3 0 0 0 1,3 2 2 2 1,1.0,1.0,1.0,0.611916,12.071672
original_hypergraph,grade>=1,RQ_RFB_020_02,compositional,single_chunk,operating_conditions,5,high_order_arity_5_plus,retrievable,20,1,1 0 0 0 2,3 3 3 3 2,1.0,1.0,1.0,0.113167,19.091803
original_hypergraph,grade>=1,RQ_RFB_021_01,compositional,single_chunk,mechanism,5,high_order_arity_5_plus,retrievable,20,2,2 0 3 0 0,3 3 3 3 2,1.0,1.0,1.0,0.34046,19.091803
original_hypergraph,grade>=1,RQ_RFB_022_02,compositional,adjacent_chunks,cycling_stability,4,high_order_arity_3_4,retrievable,20,3,3 0 0 0 0,3 3 2 2 1,1.0,1.0,1.0,0.479603,14.595391
original_hypergraph,grade>=1,RQ_RFB_023_01,high_order,cross_section,operating_conditions,6,high_order_arity_5_plus,retrievable,20,0,0 0 0 3 0,3 3 3 2 2,0.0,1.0,0.25,0.173569,17.369096
original_hypergraph,grade>=1,RQ_RFB_024_02,compositional,single_chunk,cycling_stability,5,high_order_arity_5_plus,retrievable,20,0,0 0 0 0 3,3 2 2 2 2,0.0,1.0,0.2,0.210813,12.845377
original_hypergraph,grade>=1,RQ_RFB_025_01,compositional,single_chunk,operating_conditions,5,high_order_arity_5_plus,retrievable,20,0,0 1 0 3 0,3 3 3 3 2,0.0,1.0,0.5,0.190955,19.091803
original_hypergraph,grade>=1,RQ_RFB_026_01,compositional,single_chunk,operating_conditions,5,high_order_arity_5_plus,retrievable,20,1,1 0 1 0 2,3 3 3 2 2,1.0,1.0,1.0,0.153178,17.369096
original_hypergraph,grade>=1,RQ_RFB_029_02,compositional,single_chunk,performance_metrics,8,high_order_arity_5_plus,retrievable,20,1,1 0 0 0 3,3 3 3 2 2,1.0,1.0,1.0,0.213481,17.369096
original_hypergraph,grade>=1,RQ_RFB_031_02,simple,single_chunk,performance_metrics,4,high_order_arity_3_4,retrievable,20,0,0 0 2 0 1,3 3 2 2 2,0.0,1.0,0.333333,0.122769,15.369096
original_hypergraph,grade>=1,RQ_RFB_032_02,simple,single_chunk,cycling_stability,4,high_order_arity_3_4,retrievable,20,0,0 0 0 0 0,3 3 3 1 1,0.0,0.0,0.142857,0.0,15.734038
original_hypergraph,grade>=1,RQ_RFB_033_02,high_order,adjacent_chunks,performance_metrics,6,high_order_arity_5_plus,retrievable,20,3,3 0 1 0 2,3 3 3 2 2,1.0,1.0,1.0,0.498619,17.369096
original_hypergraph,grade>=1,RQ_RFB_034_01,high_order,cross_section,mechanism,6,high_order_arity_5_plus,retrievable,20,1,1 0 0 0 0,3 3 2 2 2,1.0,1.0,1.0,0.065066,15.369096
original_hypergraph,grade>=1,RQ_RFB_035_02,simple,single_chunk,performance_comparison,3,high_order_arity_3_4,retrievable,20,1,1 0 3 0 0,3 3 3 1 1,1.0,1.0,1.0,0.286004,15.734038
original_hypergraph,grade>=1,RQ_RFB_036_02,high_order,adjacent_chunks,performance_comparison,6,high_order_arity_5_plus,retrievable,20,0,0 0 0 0 0,3 3 3 2 1,0.0,0.0,0.0,0.0,16.595391
original_hypergraph,grade>=1,RQ_RFB_037_02,compositional,single_chunk,cycling_stability,5,high_order_arity_5_plus,retrievable,20,0,0 3 0 0 0,3 3 3 2 1,0.0,1.0,0.5,0.266129,16.595391
original_hypergraph,grade>=1,RQ_RFB_038_02,compositional,single_chunk,performance_comparison,6,high_order_arity_5_plus,retrievable,20,3,3 0 0 0 0,3 3 1 1 1,1.0,1.0,1.0,0.549708,12.734038
original_hypergraph,grade>=1,RQ_RFB_040_02,compositional,single_chunk,operating_conditions,5,high_order_arity_5_plus,retrievable,20,3,3 0 0 0 1,3 3 3 1 1,1.0,1.0,1.0,0.469482,15.734038
original_hypergraph,grade>=1,RQ_RFB_041_01,high_order,cross_section,operating_conditions,5,high_order_arity_5_plus,retrievable,20,0,0 0 0 0 0,3 3 3 2 1,0.0,0.0,0.142857,0.0,16.595391
original_hypergraph,grade>=1,RQ_RFB_043_02,high_order,adjacent_chunks,performance_metrics,8,high_order_arity_5_plus,retrievable,20,0,0 0 2 0 3,3 2 2 2 2,0.0,1.0,0.333333,0.327586,12.845377
original_hypergraph,grade>=1,RQ_RFB_045_02,simple,single_chunk,performance_metrics,4,high_order_arity_3_4,retrievable,20,0,0 0 0 0 0,3 3 1 1 1,0.0,0.0,0.090909,0.0,12.734038
original_hypergraph,grade>=1,RQ_RFB_046_02,compositional,single_chunk,cycling_stability,5,high_order_arity_5_plus,retrievable,20,0,0 0 1 0 0,3 3 2 2 1,0.0,1.0,0.333333,0.034257,14.595391
original_hypergraph,grade>=1,RQ_RFB_047_02,compositional,single_chunk,performance_comparison,7,high_order_arity_5_plus,retrievable,20,0,0 0 0 0 1,3 2 2 1 1,0.0,1.0,0.2,0.034509,11.210319
original_hypergraph,grade>=1,RQ_RFB_048_02,compositional,single_chunk,performance_metrics,5,high_order_arity_5_plus,retrievable,20,1,1 0 3 0 1,3 2 1 1 1,1.0,1.0,1.0,0.478619,10.210319
original_hypergraph,grade>=1,RQ_RFB_050_02,compositional,cross_section,performance_metrics,5,high_order_arity_5_plus,retrievable,20,1,1 0 3 0 1,3 3 3 1 1,1.0,1.0,1.0,0.310591,15.734038
original_hypergraph,grade>=1,RQ_RFB_051_01,high_order,cross_section,modeling_diagnostics,6,high_order_arity_5_plus,retrievable,20,3,3 0 2 0 3,3 3 3 3 2,1.0,1.0,1.0,0.587057,19.091803
original_hypergraph,grade>=1,RQ_RFB_052_02,compositional,single_chunk,performance_metrics,5,high_order_arity_5_plus,retrievable,20,3,3 0 1 0 3,3 3 3 3 1,1.0,1.0,1.0,0.557261,18.318097
original_hypergraph,grade>=1,RQ_RFB_055_02,high_order,cross_section,modeling_diagnostics,5,high_order_arity_5_plus,retrievable,20,2,2 0 0 0 0,3 3 3 2 1,1.0,1.0,1.0,0.180773,16.595391
original_hypergraph,grade>=1,RQ_RFB_056_02,high_order,adjacent_chunks,performance_metrics,6,high_order_arity_5_plus,retrievable,20,2,2 0 2 0 1,3 2 2 1 1,1.0,1.0,1.0,0.435925,11.210319
original_hypergraph,grade>=1,RQ_RFB_058_02,high_order,adjacent_chunks,operating_conditions,6,high_order_arity_5_plus,retrievable,20,1,1 2 3 2 0,3 3 3 2 2,1.0,1.0,1.0,0.442442,17.369096
original_hypergraph,grade>=1,RQ_RFB_059_02,compositional,single_chunk,performance_metrics,5,high_order_arity_5_plus,retrievable,20,3,3 0 3 0 3,3 3 3 3 2,1.0,1.0,1.0,0.691814,19.091803
original_hypergraph,grade>=1,RQ_RFB_060_02,compositional,single_chunk,performance_metrics,5,high_order_arity_5_plus,retrievable,20,0,0 0 0 0 3,3 3 1 1 0,0.0,1.0,0.2,0.219319,12.347185
original_hypergraph,grade>=1,UQ_001,compositional,none,life_cycle_assessment,,unknown,unanswerable,20,0,0 0 0 0 0,0 0 0 0 0,0.0,0.0,0.0,0.0,0.0
original_hypergraph,grade>=1,UQ_002,compositional,none,electrolyte_recycling,,unknown,unanswerable,20,0,0 0 0 0 0,0 0 0 0 0,0.0,0.0,0.0,0.0,0.0
original_hypergraph,grade>=1,UQ_003,compositional,none,environmental_robustness,,unknown,unanswerable,20,0,0 0 0 0 0,1 0 0 0 0,0.0,0.0,0.0,0.0,1.0
original_hypergraph,grade>=1,UQ_004,compositional,none,balance_of_plant_durability,,unknown,unanswerable,20,0,0 0 0 0 0,0 0 0 0 0,0.0,0.0,0.0,0.0,0.0
original_hypergraph,grade>=1,UQ_009,compositional,none,hydraulic_fault_effect,,unknown,unanswerable,20,0,0 0 0 0 0,0 0 0 0 0,0.0,0.0,0.0,0.0,0.0
original_hypergraph,grade>=1,UQ_010,compositional,none,operando_control,,unknown,unanswerable,20,0,0 0 0 0 0,1 0 0 0 0,0.0,0.0,0.083333,0.0,1.0
original_hypergraph,grade>=1,UQ_011,compositional,none,model_uncertainty,,unknown,unanswerable,20,0,0 0 0 0 0,1 1 1 1 1,0.0,0.0,0.111111,0.0,2.948459
original_hypergraph,grade>=1,UQ_012,compositional,none,manufacturing_sustainability,,unknown,unanswerable,20,0,0 0 0 0 0,1 0 0 0 0,0.0,0.0,0.058824,0.0,1.0
original_hypergraph,grade>=1,UQ_013,compositional,none,catalyst_recycling,,unknown,unanswerable,20,0,0 0 0 0 0,1 1 1 1 0,0.0,0.0,0.0,0.0,2.561606
original_hypergraph,grade>=1,UQ_015,compositional,none,membrane_mechanical_fatigue,,unknown,unanswerable,20,0,0 0 0 0 0,0 0 0 0 0,0.0,0.0,0.0,0.0,0.0
original_hypergraph,grade>=1,UQ_016,compositional,none,operando_diagnostics,,unknown,unanswerable,20,0,0 1 0 2 0,2 1 1 1 1,0.0,1.0,0.5,0.388598,4.948459
original_hypergraph,grade>=1,UQ_018,compositional,none,contamination_failure,,unknown,unanswerable,20,0,0 0 1 0 0,1 0 0 0 0,0.0,1.0,0.333333,0.5,1.0
original_hypergraph,grade>=1,UQ_019,compositional,none,environmental_safety,,unknown,unanswerable,20,0,0 0 0 0 0,1 0 0 0 0,0.0,0.0,0.0,0.0,1.0
original_hypergraph,grade>=2,RQ_RFB_002_01,compositional,adjacent_chunks,performance_comparison,5,high_order_arity_5_plus,retrievable,20,0,0 0 0 0 0,3 2 2 2 2,0.0,0.0,0.0,0.0,12.845377
original_hypergraph,grade>=2,RQ_RFB_003_02,compositional,single_chunk,operating_conditions,6,high_order_arity_5_plus,retrievable,20,0,0 0 0 0 0,3 3 3 1 1,0.0,0.0,0.0,0.0,15.734038
original_hypergraph,grade>=2,RQ_RFB_005_02,compositional,adjacent_chunks,cycling_stability,5,high_order_arity_5_plus,retrievable,20,0,0 0 0 0 0,3 2 2 2 2,0.0,0.0,0.0,0.0,12.845377
original_hypergraph,grade>=2,RQ_RFB_006_02,compositional,single_chunk,performance_comparison,5,high_order_arity_5_plus,retrievable,20,0,0 0 0 0 0,3 2 1 1 1,0.0,0.0,0.0,0.0,10.210319
original_hypergraph,grade>=2,RQ_RFB_007_02,simple,single_chunk,operating_conditions,4,high_order_arity_3_4,retrievable,20,0,0 0 0 0 0,3 3 2 1 1,0.0,0.0,0.0,0.0,13.734038
original_hypergraph,grade>=2,RQ_RFB_008_01,high_order,cross_section,mechanism,4,high_order_arity_3_4,retrievable,20,0,0 0 0 0 0,3 3 3 3 2,0.0,0.0,0.0,0.0,19.091803
original_hypergraph,grade>=2,RQ_RFB_010_02,high_order,cross_section,performance_comparison,5,high_order_arity_5_plus,retrievable,20,0,0 0 0 0 0,3 3 3 1 1,0.0,0.0,0.0,0.0,15.734038
original_hypergraph,grade>=2,RQ_RFB_011_01,high_order,cross_section,system_architecture,4,high_order_arity_3_4,retrievable,20,0,0 0 0 0 1,3 3 3 1 1,0.0,0.0,0.0,0.024587,15.734038
original_hypergraph,grade>=2,RQ_RFB_012_02,simple,single_chunk,modeling_diagnostics,4,high_order_arity_3_4,retrievable,20,1,1 1 1 0 0,3 3 3 3 3,0.0,0.0,0.1,0.103247,20.639214
original_hypergraph,grade>=2,RQ_RFB_013_02,simple,single_chunk,system_architecture,4,high_order_arity_3_4,retrievable,20,0,0 0 0 0 0,3 3 2 1 1,0.0,0.0,0.0,0.0,13.734038
original_hypergraph,grade>=2,RQ_RFB_014_01,high_order,cross_section,material_design,5,high_order_arity_5_plus,retrievable,20,0,0 0 0 0 0,3 3 3 2 2,0.0,0.0,0.090909,0.0,17.369096
original_hypergraph,grade>=2,RQ_RFB_015_02,compositional,single_chunk,cycling_stability,6,high_order_arity_5_plus,retrievable,20,0,0 0 0 0 3,3 3 3 3 2,0.0,1.0,0.2,0.141839,19.091803
original_hypergraph,grade>=2,RQ_RFB_016_02,simple,single_chunk,performance_comparison,4,high_order_arity_3_4,retrievable,20,0,0 0 2 0 1,3 3 3 2 1,0.0,1.0,0.333333,0.113697,16.595391
original_hypergraph,grade>=2,RQ_RFB_019_01,compositional,single_chunk,performance_comparison,6,high_order_arity_5_plus,retrievable,20,3,3 0 0 0 1,3 2 2 2 1,1.0,1.0,1.0,0.611916,12.071672
original_hypergraph,grade>=2,RQ_RFB_020_02,compositional,single_chunk,operating_conditions,5,high_order_arity_5_plus,retrievable,20,1,1 0 0 0 2,3 3 3 3 2,0.0,1.0,0.2,0.113167,19.091803
original_hypergraph,grade>=2,RQ_RFB_021_01,compositional,single_chunk,mechanism,5,high_order_arity_5_plus,retrievable,20,2,2 0 3 0 0,3 3 3 3 2,1.0,1.0,1.0,0.34046,19.091803
original_hypergraph,grade>=2,RQ_RFB_022_02,compositional,adjacent_chunks,cycling_stability,4,high_order_arity_3_4,retrievable,20,3,3 0 0 0 0,3 3 2 2 1,1.0,1.0,1.0,0.479603,14.595391
original_hypergraph,grade>=2,RQ_RFB_023_01,high_order,cross_section,operating_conditions,6,high_order_arity_5_plus,retrievable,20,0,0 0 0 3 0,3 3 3 2 2,0.0,1.0,0.25,0.173569,17.369096
original_hypergraph,grade>=2,RQ_RFB_024_02,compositional,single_chunk,cycling_stability,5,high_order_arity_5_plus,retrievable,20,0,0 0 0 0 3,3 2 2 2 2,0.0,1.0,0.2,0.210813,12.845377
original_hypergraph,grade>=2,RQ_RFB_025_01,compositional,single_chunk,operating_conditions,5,high_order_arity_5_plus,retrievable,20,0,0 1 0 3 0,3 3 3 3 2,0.0,1.0,0.25,0.190955,19.091803
original_hypergraph,grade>=2,RQ_RFB_026_01,compositional,single_chunk,operating_conditions,5,high_order_arity_5_plus,retrievable,20,1,1 0 1 0 2,3 3 3 2 2,0.0,1.0,0.2,0.153178,17.369096
original_hypergraph,grade>=2,RQ_RFB_029_02,compositional,single_chunk,performance_metrics,8,high_order_arity_5_plus,retrievable,20,1,1 0 0 0 3,3 3 3 2 2,0.0,1.0,0.2,0.213481,17.369096
original_hypergraph,grade>=2,RQ_RFB_031_02,simple,single_chunk,performance_metrics,4,high_order_arity_3_4,retrievable,20,0,0 0 2 0 1,3 3 2 2 2,0.0,1.0,0.333333,0.122769,15.369096
original_hypergraph,grade>=2,RQ_RFB_032_02,simple,single_chunk,cycling_stability,4,high_order_arity_3_4,retrievable,20,0,0 0 0 0 0,3 3 3 1 1,0.0,0.0,0.058824,0.0,15.734038
original_hypergraph,grade>=2,RQ_RFB_033_02,high_order,adjacent_chunks,performance_metrics,6,high_order_arity_5_plus,retrievable,20,3,3 0 1 0 2,3 3 3 2 2,1.0,1.0,1.0,0.498619,17.369096
original_hypergraph,grade>=2,RQ_RFB_034_01,high_order,cross_section,mechanism,6,high_order_arity_5_plus,retrievable,20,1,1 0 0 0 0,3 3 2 2 2,0.0,0.0,0.0,0.065066,15.369096
original_hypergraph,grade>=2,RQ_RFB_035_02,simple,single_chunk,performance_comparison,3,high_order_arity_3_4,retrievable,20,1,1 0 3 0 0,3 3 3 1 1,0.0,1.0,0.333333,0.286004,15.734038
original_hypergraph,grade>=2,RQ_RFB_036_02,high_order,adjacent_chunks,performance_comparison,6,high_order_arity_5_plus,retrievable,20,0,0 0 0 0 0,3 3 3 2 1,0.0,0.0,0.0,0.0,16.595391
original_hypergraph,grade>=2,RQ_RFB_037_02,compositional,single_chunk,cycling_stability,5,high_order_arity_5_plus,retrievable,20,0,0 3 0 0 0,3 3 3 2 1,0.0,1.0,0.5,0.266129,16.595391
original_hypergraph,grade>=2,RQ_RFB_038_02,compositional,single_chunk,performance_comparison,6,high_order_arity_5_plus,retrievable,20,3,3 0 0 0 0,3 3 1 1 1,1.0,1.0,1.0,0.549708,12.734038
original_hypergraph,grade>=2,RQ_RFB_040_02,compositional,single_chunk,operating_conditions,5,high_order_arity_5_plus,retrievable,20,3,3 0 0 0 1,3 3 3 1 1,1.0,1.0,1.0,0.469482,15.734038
original_hypergraph,grade>=2,RQ_RFB_041_01,high_order,cross_section,operating_conditions,5,high_order_arity_5_plus,retrievable,20,0,0 0 0 0 0,3 3 3 2 1,0.0,0.0,0.142857,0.0,16.595391
original_hypergraph,grade>=2,RQ_RFB_043_02,high_order,adjacent_chunks,performance_metrics,8,high_order_arity_5_plus,retrievable,20,0,0 0 2 0 3,3 2 2 2 2,0.0,1.0,0.333333,0.327586,12.845377
original_hypergraph,grade>=2,RQ_RFB_045_02,simple,single_chunk,performance_metrics,4,high_order_arity_3_4,retrievable,20,0,0 0 0 0 0,3 3 1 1 1,0.0,0.0,0.0,0.0,12.734038
original_hypergraph,grade>=2,RQ_RFB_046_02,compositional,single_chunk,cycling_stability,5,high_order_arity_5_plus,retrievable,20,0,0 0 1 0 0,3 3 2 2 1,0.0,0.0,0.083333,0.034257,14.595391
original_hypergraph,grade>=2,RQ_RFB_047_02,compositional,single_chunk,performance_comparison,7,high_order_arity_5_plus,retrievable,20,0,0 0 0 0 1,3 2 2 1 1,0.0,0.0,0.0,0.034509,11.210319
original_hypergraph,grade>=2,RQ_RFB_048_02,compositional,single_chunk,performance_metrics,5,high_order_arity_5_plus,retrievable,20,1,1 0 3 0 1,3 2 1 1 1,0.0,1.0,0.333333,0.478619,10.210319
original_hypergraph,grade>=2,RQ_RFB_050_02,compositional,cross_section,performance_metrics,5,high_order_arity_5_plus,retrievable,20,1,1 0 3 0 1,3 3 3 1 1,0.0,1.0,0.333333,0.310591,15.734038
original_hypergraph,grade>=2,RQ_RFB_051_01,high_order,cross_section,modeling_diagnostics,6,high_order_arity_5_plus,retrievable,20,3,3 0 2 0 3,3 3 3 3 2,1.0,1.0,1.0,0.587057,19.091803
original_hypergraph,grade>=2,RQ_RFB_052_02,compositional,single_chunk,performance_metrics,5,high_order_arity_5_plus,retrievable,20,3,3 0 1 0 3,3 3 3 3 1,1.0,1.0,1.0,0.557261,18.318097
original_hypergraph,grade>=2,RQ_RFB_055_02,high_order,cross_section,modeling_diagnostics,5,high_order_arity_5_plus,retrievable,20,2,2 0 0 0 0,3 3 3 2 1,1.0,1.0,1.0,0.180773,16.595391
original_hypergraph,grade>=2,RQ_RFB_056_02,high_order,adjacent_chunks,performance_metrics,6,high_order_arity_5_plus,retrievable,20,2,2 0 2 0 1,3 2 2 1 1,1.0,1.0,1.0,0.435925,11.210319
original_hypergraph,grade>=2,RQ_RFB_058_02,high_order,adjacent_chunks,operating_conditions,6,high_order_arity_5_plus,retrievable,20,1,1 2 3 2 0,3 3 3 2 2,0.0,1.0,0.5,0.442442,17.369096
original_hypergraph,grade>=2,RQ_RFB_059_02,compositional,single_chunk,performance_metrics,5,high_order_arity_5_plus,retrievable,20,3,3 0 3 0 3,3 3 3 3 2,1.0,1.0,1.0,0.691814,19.091803
original_hypergraph,grade>=2,RQ_RFB_060_02,compositional,single_chunk,performance_metrics,5,high_order_arity_5_plus,retrievable,20,0,0 0 0 0 3,3 3 1 1 0,0.0,1.0,0.2,0.219319,12.347185
original_hypergraph,grade>=2,UQ_001,compositional,none,life_cycle_assessment,,unknown,unanswerable,20,0,0 0 0 0 0,0 0 0 0 0,0.0,0.0,0.0,0.0,0.0
original_hypergraph,grade>=2,UQ_002,compositional,none,electrolyte_recycling,,unknown,unanswerable,20,0,0 0 0 0 0,0 0 0 0 0,0.0,0.0,0.0,0.0,0.0
original_hypergraph,grade>=2,UQ_003,compositional,none,environmental_robustness,,unknown,unanswerable,20,0,0 0 0 0 0,1 0 0 0 0,0.0,0.0,0.0,0.0,1.0
original_hypergraph,grade>=2,UQ_004,compositional,none,balance_of_plant_durability,,unknown,unanswerable,20,0,0 0 0 0 0,0 0 0 0 0,0.0,0.0,0.0,0.0,0.0
original_hypergraph,grade>=2,UQ_009,compositional,none,hydraulic_fault_effect,,unknown,unanswerable,20,0,0 0 0 0 0,0 0 0 0 0,0.0,0.0,0.0,0.0,0.0
original_hypergraph,grade>=2,UQ_010,compositional,none,operando_control,,unknown,unanswerable,20,0,0 0 0 0 0,1 0 0 0 0,0.0,0.0,0.0,0.0,1.0
original_hypergraph,grade>=2,UQ_011,compositional,none,model_uncertainty,,unknown,unanswerable,20,0,0 0 0 0 0,1 1 1 1 1,0.0,0.0,0.0,0.0,2.948459
original_hypergraph,grade>=2,UQ_012,compositional,none,manufacturing_sustainability,,unknown,unanswerable,20,0,0 0 0 0 0,1 0 0 0 0,0.0,0.0,0.0,0.0,1.0
original_hypergraph,grade>=2,UQ_013,compositional,none,catalyst_recycling,,unknown,unanswerable,20,0,0 0 0 0 0,1 1 1 1 0,0.0,0.0,0.0,0.0,2.561606
original_hypergraph,grade>=2,UQ_015,compositional,none,membrane_mechanical_fatigue,,unknown,unanswerable,20,0,0 0 0 0 0,0 0 0 0 0,0.0,0.0,0.0,0.0,0.0
original_hypergraph,grade>=2,UQ_016,compositional,none,operando_diagnostics,,unknown,unanswerable,20,0,0 1 0 2 0,2 1 1 1 1,0.0,1.0,0.25,0.388598,4.948459
original_hypergraph,grade>=2,UQ_018,compositional,none,contamination_failure,,unknown,unanswerable,20,0,0 0 1 0 0,1 0 0 0 0,0.0,0.0,0.0,0.5,1.0
original_hypergraph,grade>=2,UQ_019,compositional,none,environmental_safety,,unknown,unanswerable,20,0,0 0 0 0 0,1 0 0 0 0,0.0,0.0,0.0,0.0,1.0
original_hypergraph,grade>=3,RQ_RFB_002_01,compositional,adjacent_chunks,performance_comparison,5,high_order_arity_5_plus,retrievable,20,0,0 0 0 0 0,3 2 2 2 2,0.0,0.0,0.0,0.0,12.845377
original_hypergraph,grade>=3,RQ_RFB_003_02,compositional,single_chunk,operating_conditions,6,high_order_arity_5_plus,retrievable,20,0,0 0 0 0 0,3 3 3 1 1,0.0,0.0,0.0,0.0,15.734038
original_hypergraph,grade>=3,RQ_RFB_005_02,compositional,adjacent_chunks,cycling_stability,5,high_order_arity_5_plus,retrievable,20,0,0 0 0 0 0,3 2 2 2 2,0.0,0.0,0.0,0.0,12.845377
original_hypergraph,grade>=3,RQ_RFB_006_02,compositional,single_chunk,performance_comparison,5,high_order_arity_5_plus,retrievable,20,0,0 0 0 0 0,3 2 1 1 1,0.0,0.0,0.0,0.0,10.210319
original_hypergraph,grade>=3,RQ_RFB_007_02,simple,single_chunk,operating_conditions,4,high_order_arity_3_4,retrievable,20,0,0 0 0 0 0,3 3 2 1 1,0.0,0.0,0.0,0.0,13.734038
original_hypergraph,grade>=3,RQ_RFB_008_01,high_order,cross_section,mechanism,4,high_order_arity_3_4,retrievable,20,0,0 0 0 0 0,3 3 3 3 2,0.0,0.0,0.0,0.0,19.091803
original_hypergraph,grade>=3,RQ_RFB_010_02,high_order,cross_section,performance_comparison,5,high_order_arity_5_plus,retrievable,20,0,0 0 0 0 0,3 3 3 1 1,0.0,0.0,0.0,0.0,15.734038
original_hypergraph,grade>=3,RQ_RFB_011_01,high_order,cross_section,system_architecture,4,high_order_arity_3_4,retrievable,20,0,0 0 0 0 1,3 3 3 1 1,0.0,0.0,0.0,0.024587,15.734038
original_hypergraph,grade>=3,RQ_RFB_012_02,simple,single_chunk,modeling_diagnostics,4,high_order_arity_3_4,retrievable,20,1,1 1 1 0 0,3 3 3 3 3,0.0,0.0,0.0,0.103247,20.639214
original_hypergraph,grade>=3,RQ_RFB_013_02,simple,single_chunk,system_architecture,4,high_order_arity_3_4,retrievable,20,0,0 0 0 0 0,3 3 2 1 1,0.0,0.0,0.0,0.0,13.734038
original_hypergraph,grade>=3,RQ_RFB_014_01,high_order,cross_section,material_design,5,high_order_arity_5_plus,retrievable,20,0,0 0 0 0 0,3 3 3 2 2,0.0,0.0,0.0,0.0,17.369096
original_hypergraph,grade>=3,RQ_RFB_015_02,compositional,single_chunk,cycling_stability,6,high_order_arity_5_plus,retrievable,20,0,0 0 0 0 3,3 3 3 3 2,0.0,1.0,0.2,0.141839,19.091803
original_hypergraph,grade>=3,RQ_RFB_016_02,simple,single_chunk,performance_comparison,4,high_order_arity_3_4,retrievable,20,0,0 0 2 0 1,3 3 3 2 1,0.0,0.0,0.0,0.113697,16.595391
original_hypergraph,grade>=3,RQ_RFB_019_01,compositional,single_chunk,performance_comparison,6,high_order_arity_5_plus,retrievable,20,3,3 0 0 0 1,3 2 2 2 1,1.0,1.0,1.0,0.611916,12.071672
original_hypergraph,grade>=3,RQ_RFB_020_02,compositional,single_chunk,operating_conditions,5,high_order_arity_5_plus,retrievable,20,1,1 0 0 0 2,3 3 3 3 2,0.0,0.0,0.142857,0.113167,19.091803
original_hypergraph,grade>=3,RQ_RFB_021_01,compositional,single_chunk,mechanism,5,high_order_arity_5_plus,retrievable,20,2,2 0 3 0 0,3 3 3 3 2,0.0,1.0,0.333333,0.34046,19.091803
original_hypergraph,grade>=3,RQ_RFB_022_02,compositional,adjacent_chunks,cycling_stability,4,high_order_arity_3_4,retrievable,20,3,3 0 0 0 0,3 3 2 2 1,1.0,1.0,1.0,0.479603,14.595391
original_hypergraph,grade>=3,RQ_RFB_023_01,high_order,cross_section,operating_conditions,6,high_order_arity_5_plus,retrievable,20,0,0 0 0 3 0,3 3 3 2 2,0.0,1.0,0.25,0.173569,17.369096
original_hypergraph,grade>=3,RQ_RFB_024_02,compositional,single_chunk,cycling_stability,5,high_order_arity_5_plus,retrievable,20,0,0 0 0 0 3,3 2 2 2 2,0.0,1.0,0.2,0.210813,12.845377
original_hypergraph,grade>=3,RQ_RFB_025_01,compositional,single_chunk,operating_conditions,5,high_order_arity_5_plus,retrievable,20,0,0 1 0 3 0,3 3 3 3 2,0.0,1.0,0.25,0.190955,19.091803
original_hypergraph,grade>=3,RQ_RFB_026_01,compositional,single_chunk,operating_conditions,5,high_order_arity_5_plus,retrievable,20,1,1 0 1 0 2,3 3 3 2 2,0.0,0.0,0.052632,0.153178,17.369096
original_hypergraph,grade>=3,RQ_RFB_029_02,compositional,single_chunk,performance_metrics,8,high_order_arity_5_plus,retrievable,20,1,1 0 0 0 3,3 3 3 2 2,0.0,1.0,0.2,0.213481,17.369096
original_hypergraph,grade>=3,RQ_RFB_031_02,simple,single_chunk,performance_metrics,4,high_order_arity_3_4,retrievable,20,0,0 0 2 0 1,3 3 2 2 2,0.0,0.0,0.111111,0.122769,15.369096
original_hypergraph,grade>=3,RQ_RFB_032_02,simple,single_chunk,cycling_stability,4,high_order_arity_3_4,retrievable,20,0,0 0 0 0 0,3 3 3 1 1,0.0,0.0,0.058824,0.0,15.734038
original_hypergraph,grade>=3,RQ_RFB_033_02,high_order,adjacent_chunks,performance_metrics,6,high_order_arity_5_plus,retrievable,20,3,3 0 1 0 2,3 3 3 2 2,1.0,1.0,1.0,0.498619,17.369096
original_hypergraph,grade>=3,RQ_RFB_034_01,high_order,cross_section,mechanism,6,high_order_arity_5_plus,retrievable,20,1,1 0 0 0 0,3 3 2 2 2,0.0,0.0,0.0,0.065066,15.369096
original_hypergraph,grade>=3,RQ_RFB_035_02,simple,single_chunk,performance_comparison,3,high_order_arity_3_4,retrievable,20,1,1 0 3 0 0,3 3 3 1 1,0.0,1.0,0.333333,0.286004,15.734038
original_hypergraph,grade>=3,RQ_RFB_036_02,high_order,adjacent_chunks,performance_comparison,6,high_order_arity_5_plus,retrievable,20,0,0 0 0 0 0,3 3 3 2 1,0.0,0.0,0.0,0.0,16.595391
original_hypergraph,grade>=3,RQ_RFB_037_02,compositional,single_chunk,cycling_stability,5,high_order_arity_5_plus,retrievable,20,0,0 3 0 0 0,3 3 3 2 1,0.0,1.0,0.5,0.266129,16.595391
original_hypergraph,grade>=3,RQ_RFB_038_02,compositional,single_chunk,performance_comparison,6,high_order_arity_5_plus,retrievable,20,3,3 0 0 0 0,3 3 1 1 1,1.0,1.0,1.0,0.549708,12.734038
original_hypergraph,grade>=3,RQ_RFB_040_02,compositional,single_chunk,operating_conditions,5,high_order_arity_5_plus,retrievable,20,3,3 0 0 0 1,3 3 3 1 1,1.0,1.0,1.0,0.469482,15.734038
original_hypergraph,grade>=3,RQ_RFB_041_01,high_order,cross_section,operating_conditions,5,high_order_arity_5_plus,retrievable,20,0,0 0 0 0 0,3 3 3 2 1,0.0,0.0,0.142857,0.0,16.595391
original_hypergraph,grade>=3,RQ_RFB_043_02,high_order,adjacent_chunks,performance_metrics,8,high_order_arity_5_plus,retrievable,20,0,0 0 2 0 3,3 2 2 2 2,0.0,1.0,0.2,0.327586,12.845377
original_hypergraph,grade>=3,RQ_RFB_045_02,simple,single_chunk,performance_metrics,4,high_order_arity_3_4,retrievable,20,0,0 0 0 0 0,3 3 1 1 1,0.0,0.0,0.0,0.0,12.734038
original_hypergraph,grade>=3,RQ_RFB_046_02,compositional,single_chunk,cycling_stability,5,high_order_arity_5_plus,retrievable,20,0,0 0 1 0 0,3 3 2 2 1,0.0,0.0,0.083333,0.034257,14.595391
original_hypergraph,grade>=3,RQ_RFB_047_02,compositional,single_chunk,performance_comparison,7,high_order_arity_5_plus,retrievable,20,0,0 0 0 0 1,3 2 2 1 1,0.0,0.0,0.0,0.034509,11.210319
original_hypergraph,grade>=3,RQ_RFB_048_02,compositional,single_chunk,performance_metrics,5,high_order_arity_5_plus,retrievable,20,1,1 0 3 0 1,3 2 1 1 1,0.0,1.0,0.333333,0.478619,10.210319
original_hypergraph,grade>=3,RQ_RFB_050_02,compositional,cross_section,performance_metrics,5,high_order_arity_5_plus,retrievable,20,1,1 0 3 0 1,3 3 3 1 1,0.0,1.0,0.333333,0.310591,15.734038
original_hypergraph,grade>=3,RQ_RFB_051_01,high_order,cross_section,modeling_diagnostics,6,high_order_arity_5_plus,retrievable,20,3,3 0 2 0 3,3 3 3 3 2,1.0,1.0,1.0,0.587057,19.091803
original_hypergraph,grade>=3,RQ_RFB_052_02,compositional,single_chunk,performance_metrics,5,high_order_arity_5_plus,retrievable,20,3,3 0 1 0 3,3 3 3 3 1,1.0,1.0,1.0,0.557261,18.318097
original_hypergraph,grade>=3,RQ_RFB_055_02,high_order,cross_section,modeling_diagnostics,5,high_order_arity_5_plus,retrievable,20,2,2 0 0 0 0,3 3 3 2 1,0.0,0.0,0.166667,0.180773,16.595391
original_hypergraph,grade>=3,RQ_RFB_056_02,high_order,adjacent_chunks,performance_metrics,6,high_order_arity_5_plus,retrievable,20,2,2 0 2 0 1,3 2 2 1 1,0.0,0.0,0.111111,0.435925,11.210319
original_hypergraph,grade>=3,RQ_RFB_058_02,high_order,adjacent_chunks,operating_conditions,6,high_order_arity_5_plus,retrievable,20,1,1 2 3 2 0,3 3 3 2 2,0.0,1.0,0.333333,0.442442,17.369096
original_hypergraph,grade>=3,RQ_RFB_059_02,compositional,single_chunk,performance_metrics,5,high_order_arity_5_plus,retrievable,20,3,3 0 3 0 3,3 3 3 3 2,1.0,1.0,1.0,0.691814,19.091803
original_hypergraph,grade>=3,RQ_RFB_060_02,compositional,single_chunk,performance_metrics,5,high_order_arity_5_plus,retrievable,20,0,0 0 0 0 3,3 3 1 1 0,0.0,1.0,0.2,0.219319,12.347185
original_hypergraph,grade>=3,UQ_001,compositional,none,life_cycle_assessment,,unknown,unanswerable,20,0,0 0 0 0 0,0 0 0 0 0,0.0,0.0,0.0,0.0,0.0
original_hypergraph,grade>=3,UQ_002,compositional,none,electrolyte_recycling,,unknown,unanswerable,20,0,0 0 0 0 0,0 0 0 0 0,0.0,0.0,0.0,0.0,0.0
original_hypergraph,grade>=3,UQ_003,compositional,none,environmental_robustness,,unknown,unanswerable,20,0,0 0 0 0 0,1 0 0 0 0,0.0,0.0,0.0,0.0,1.0
original_hypergraph,grade>=3,UQ_004,compositional,none,balance_of_plant_durability,,unknown,unanswerable,20,0,0 0 0 0 0,0 0 0 0 0,0.0,0.0,0.0,0.0,0.0
original_hypergraph,grade>=3,UQ_009,compositional,none,hydraulic_fault_effect,,unknown,unanswerable,20,0,0 0 0 0 0,0 0 0 0 0,0.0,0.0,0.0,0.0,0.0
original_hypergraph,grade>=3,UQ_010,compositional,none,operando_control,,unknown,unanswerable,20,0,0 0 0 0 0,1 0 0 0 0,0.0,0.0,0.0,0.0,1.0
original_hypergraph,grade>=3,UQ_011,compositional,none,model_uncertainty,,unknown,unanswerable,20,0,0 0 0 0 0,1 1 1 1 1,0.0,0.0,0.0,0.0,2.948459
original_hypergraph,grade>=3,UQ_012,compositional,none,manufacturing_sustainability,,unknown,unanswerable,20,0,0 0 0 0 0,1 0 0 0 0,0.0,0.0,0.0,0.0,1.0
original_hypergraph,grade>=3,UQ_013,compositional,none,catalyst_recycling,,unknown,unanswerable,20,0,0 0 0 0 0,1 1 1 1 0,0.0,0.0,0.0,0.0,2.561606
original_hypergraph,grade>=3,UQ_015,compositional,none,membrane_mechanical_fatigue,,unknown,unanswerable,20,0,0 0 0 0 0,0 0 0 0 0,0.0,0.0,0.0,0.0,0.0
original_hypergraph,grade>=3,UQ_016,compositional,none,operando_diagnostics,,unknown,unanswerable,20,0,0 1 0 2 0,2 1 1 1 1,0.0,0.0,0.0,0.388598,4.948459
original_hypergraph,grade>=3,UQ_018,compositional,none,contamination_failure,,unknown,unanswerable,20,0,0 0 1 0 0,1 0 0 0 0,0.0,0.0,0.0,0.5,1.0
original_hypergraph,grade>=3,UQ_019,compositional,none,environmental_safety,,unknown,unanswerable,20,0,0 0 0 0 0,1 0 0 0 0,0.0,0.0,0.0,0.0,1.0
